rank,score,category,path,preview,student_class,class_name
1,0.4562,膳食营养,膳食营养/居民膳食指南科学依据_OCR__chunk043.md,"BMI 险。肥胖 (无论健康与否)与2型糖尿病发生风 在14.0~27.9ke/m' 之间 ,随着 BMI 增加 ,全因死亡 险有关。肥胖人群发生2型糖尿病的风险是健 风险从1.49 (950 CI:1.31,1.71 )下降到 0.96 (95% 康正常体重人群的 4.03倍 ,肥胖并伴有其他疾 ",0,低水平-退化型
2,0.4281,膳食营养,膳食营养/成人肥胖食养指南_2024年版___chunk005.md,常用判断超重和肥胖程度的指标。我国健康成年人的 BMI 正 常 范 围 为 18.5kg/m 2 ≤ BMI<24.0kg/m 2 ， 24.0kg/m 2 ≤ BMI<28.0kg/m 2 为 超 重 ， BMI ≥ 28.0kg/m 2 为 肥 胖 ， BMI<18.5kg/m 2 为体重过低。,0,低水平-退化型
3,0.3981,膳食营养,膳食营养/9 中国营养科学全书_全2册_第2版___chunk042.md,体重是脂肪组织和非脂肪组织之和，可从总体上反映人体营养状况。体 重测定需保持时间、衣着、姿势等方面的一致，对住院患者应选择晨起 空腹，排空大小便后，着内衣裤测定。如患者卧床无法测量体重时，建 议采用差值法，如护理员、家属抱患者总重减去护理员、家属体重。如 有条件，可应用具有体重测量功能的医疗用床进行,0,低水平-退化型
4,0.3777,膳食营养,膳食营养/成人肥胖食养指南_2024年版___chunk127.md,主要材料：鲜山药 100g，黄芪 10g，生姜 3～4 片，鸭肉 300g，板栗 100g。  制作方法：鸭肉切成小块，放入沸水中焯水；板栗加适量 清水煮熟凉后剥皮壳备用；将鲜山药去皮、洗净，切厚片备用。 上述食材一同放入瓦煲内，加入清水，大火烧沸后，再用小火 煲 1小时，放入少许精盐调味后即可。 ,0,低水平-退化型
5,0.3752,膳食营养,膳食营养/10 中国营养科学全书_全2册_第2版___chunk020.md,不良发生率可高达43.8%。2015年欧洲最新发表的一项多中心研究（14 家医院，n =2400）表明，根据体质指数（BMI）＜-2标准差（SDS）的 诊断标准，住院患儿入院时营养不良的发生率为7%（4.0%～9.3%）， 其中婴儿和1～2岁儿童发生率较高，分别为10.8%和8.3%。国内研究多 为,0,低水平-退化型
1,0.4562,膳食营养,膳食营养/居民膳食指南科学依据_OCR__chunk043.md,"BMI 险。肥胖 (无论健康与否)与2型糖尿病发生风 在14.0~27.9ke/m' 之间 ,随着 BMI 增加 ,全因死亡 险有关。肥胖人群发生2型糖尿病的风险是健 风险从1.49 (950 CI:1.31,1.71 )下降到 0.96 (95% 康正常体重人群的 4.03倍 ,肥胖并伴有其他疾 ",1,低水平-平稳型
2,0.4281,膳食营养,膳食营养/成人肥胖食养指南_2024年版___chunk005.md,常用判断超重和肥胖程度的指标。我国健康成年人的 BMI 正 常 范 围 为 18.5kg/m 2 ≤ BMI<24.0kg/m 2 ， 24.0kg/m 2 ≤ BMI<28.0kg/m 2 为 超 重 ， BMI ≥ 28.0kg/m 2 为 肥 胖 ， BMI<18.5kg/m 2 为体重过低。,1,低水平-平稳型
3,0.3981,膳食营养,膳食营养/9 中国营养科学全书_全2册_第2版___chunk042.md,体重是脂肪组织和非脂肪组织之和，可从总体上反映人体营养状况。体 重测定需保持时间、衣着、姿势等方面的一致，对住院患者应选择晨起 空腹，排空大小便后，着内衣裤测定。如患者卧床无法测量体重时，建 议采用差值法，如护理员、家属抱患者总重减去护理员、家属体重。如 有条件，可应用具有体重测量功能的医疗用床进行,1,低水平-平稳型
4,0.3777,膳食营养,膳食营养/成人肥胖食养指南_2024年版___chunk127.md,主要材料：鲜山药 100g，黄芪 10g，生姜 3～4 片，鸭肉 300g，板栗 100g。  制作方法：鸭肉切成小块，放入沸水中焯水；板栗加适量 清水煮熟凉后剥皮壳备用；将鲜山药去皮、洗净，切厚片备用。 上述食材一同放入瓦煲内，加入清水，大火烧沸后，再用小火 煲 1小时，放入少许精盐调味后即可。 ,1,低水平-平稳型
5,0.3752,膳食营养,膳食营养/10 中国营养科学全书_全2册_第2版___chunk020.md,不良发生率可高达43.8%。2015年欧洲最新发表的一项多中心研究（14 家医院，n =2400）表明，根据体质指数（BMI）＜-2标准差（SDS）的 诊断标准，住院患儿入院时营养不良的发生率为7%（4.0%～9.3%）， 其中婴儿和1～2岁儿童发生率较高，分别为10.8%和8.3%。国内研究多 为,1,低水平-平稳型
1,0.4562,膳食营养,膳食营养/居民膳食指南科学依据_OCR__chunk043.md,"BMI 险。肥胖 (无论健康与否)与2型糖尿病发生风 在14.0~27.9ke/m' 之间 ,随着 BMI 增加 ,全因死亡 险有关。肥胖人群发生2型糖尿病的风险是健 风险从1.49 (950 CI:1.31,1.71 )下降到 0.96 (95% 康正常体重人群的 4.03倍 ,肥胖并伴有其他疾 ",2,低水平-改善型
2,0.4281,膳食营养,膳食营养/成人肥胖食养指南_2024年版___chunk005.md,常用判断超重和肥胖程度的指标。我国健康成年人的 BMI 正 常 范 围 为 18.5kg/m 2 ≤ BMI<24.0kg/m 2 ， 24.0kg/m 2 ≤ BMI<28.0kg/m 2 为 超 重 ， BMI ≥ 28.0kg/m 2 为 肥 胖 ， BMI<18.5kg/m 2 为体重过低。,2,低水平-改善型
3,0.3981,膳食营养,膳食营养/9 中国营养科学全书_全2册_第2版___chunk042.md,体重是脂肪组织和非脂肪组织之和，可从总体上反映人体营养状况。体 重测定需保持时间、衣着、姿势等方面的一致，对住院患者应选择晨起 空腹，排空大小便后，着内衣裤测定。如患者卧床无法测量体重时，建 议采用差值法，如护理员、家属抱患者总重减去护理员、家属体重。如 有条件，可应用具有体重测量功能的医疗用床进行,2,低水平-改善型
4,0.3777,膳食营养,膳食营养/成人肥胖食养指南_2024年版___chunk127.md,主要材料：鲜山药 100g，黄芪 10g，生姜 3～4 片，鸭肉 300g，板栗 100g。  制作方法：鸭肉切成小块，放入沸水中焯水；板栗加适量 清水煮熟凉后剥皮壳备用；将鲜山药去皮、洗净，切厚片备用。 上述食材一同放入瓦煲内，加入清水，大火烧沸后，再用小火 煲 1小时，放入少许精盐调味后即可。 ,2,低水平-改善型
5,0.3752,膳食营养,膳食营养/10 中国营养科学全书_全2册_第2版___chunk020.md,不良发生率可高达43.8%。2015年欧洲最新发表的一项多中心研究（14 家医院，n =2400）表明，根据体质指数（BMI）＜-2标准差（SDS）的 诊断标准，住院患儿入院时营养不良的发生率为7%（4.0%～9.3%）， 其中婴儿和1～2岁儿童发生率较高，分别为10.8%和8.3%。国内研究多 为,2,低水平-改善型
1,0.4562,膳食营养,膳食营养/居民膳食指南科学依据_OCR__chunk043.md,"BMI 险。肥胖 (无论健康与否)与2型糖尿病发生风 在14.0~27.9ke/m' 之间 ,随着 BMI 增加 ,全因死亡 险有关。肥胖人群发生2型糖尿病的风险是健 风险从1.49 (950 CI:1.31,1.71 )下降到 0.96 (95% 康正常体重人群的 4.03倍 ,肥胖并伴有其他疾 ",3,中水平-退化型
2,0.4281,膳食营养,膳食营养/成人肥胖食养指南_2024年版___chunk005.md,常用判断超重和肥胖程度的指标。我国健康成年人的 BMI 正 常 范 围 为 18.5kg/m 2 ≤ BMI<24.0kg/m 2 ， 24.0kg/m 2 ≤ BMI<28.0kg/m 2 为 超 重 ， BMI ≥ 28.0kg/m 2 为 肥 胖 ， BMI<18.5kg/m 2 为体重过低。,3,中水平-退化型
3,0.3981,膳食营养,膳食营养/9 中国营养科学全书_全2册_第2版___chunk042.md,体重是脂肪组织和非脂肪组织之和，可从总体上反映人体营养状况。体 重测定需保持时间、衣着、姿势等方面的一致，对住院患者应选择晨起 空腹，排空大小便后，着内衣裤测定。如患者卧床无法测量体重时，建 议采用差值法，如护理员、家属抱患者总重减去护理员、家属体重。如 有条件，可应用具有体重测量功能的医疗用床进行,3,中水平-退化型
4,0.3777,膳食营养,膳食营养/成人肥胖食养指南_2024年版___chunk127.md,主要材料：鲜山药 100g，黄芪 10g，生姜 3～4 片，鸭肉 300g，板栗 100g。  制作方法：鸭肉切成小块，放入沸水中焯水；板栗加适量 清水煮熟凉后剥皮壳备用；将鲜山药去皮、洗净，切厚片备用。 上述食材一同放入瓦煲内，加入清水，大火烧沸后，再用小火 煲 1小时，放入少许精盐调味后即可。 ,3,中水平-退化型
5,0.3752,膳食营养,膳食营养/10 中国营养科学全书_全2册_第2版___chunk020.md,不良发生率可高达43.8%。2015年欧洲最新发表的一项多中心研究（14 家医院，n =2400）表明，根据体质指数（BMI）＜-2标准差（SDS）的 诊断标准，住院患儿入院时营养不良的发生率为7%（4.0%～9.3%）， 其中婴儿和1～2岁儿童发生率较高，分别为10.8%和8.3%。国内研究多 为,3,中水平-退化型
1,0.4562,膳食营养,膳食营养/居民膳食指南科学依据_OCR__chunk043.md,"BMI 险。肥胖 (无论健康与否)与2型糖尿病发生风 在14.0~27.9ke/m' 之间 ,随着 BMI 增加 ,全因死亡 险有关。肥胖人群发生2型糖尿病的风险是健 风险从1.49 (950 CI:1.31,1.71 )下降到 0.96 (95% 康正常体重人群的 4.03倍 ,肥胖并伴有其他疾 ",4,中水平-平稳型
2,0.4281,膳食营养,膳食营养/成人肥胖食养指南_2024年版___chunk005.md,常用判断超重和肥胖程度的指标。我国健康成年人的 BMI 正 常 范 围 为 18.5kg/m 2 ≤ BMI<24.0kg/m 2 ， 24.0kg/m 2 ≤ BMI<28.0kg/m 2 为 超 重 ， BMI ≥ 28.0kg/m 2 为 肥 胖 ， BMI<18.5kg/m 2 为体重过低。,4,中水平-平稳型
3,0.3981,膳食营养,膳食营养/9 中国营养科学全书_全2册_第2版___chunk042.md,体重是脂肪组织和非脂肪组织之和，可从总体上反映人体营养状况。体 重测定需保持时间、衣着、姿势等方面的一致，对住院患者应选择晨起 空腹，排空大小便后，着内衣裤测定。如患者卧床无法测量体重时，建 议采用差值法，如护理员、家属抱患者总重减去护理员、家属体重。如 有条件，可应用具有体重测量功能的医疗用床进行,4,中水平-平稳型
4,0.3777,膳食营养,膳食营养/成人肥胖食养指南_2024年版___chunk127.md,主要材料：鲜山药 100g，黄芪 10g，生姜 3～4 片，鸭肉 300g，板栗 100g。  制作方法：鸭肉切成小块，放入沸水中焯水；板栗加适量 清水煮熟凉后剥皮壳备用；将鲜山药去皮、洗净，切厚片备用。 上述食材一同放入瓦煲内，加入清水，大火烧沸后，再用小火 煲 1小时，放入少许精盐调味后即可。 ,4,中水平-平稳型
5,0.3752,膳食营养,膳食营养/10 中国营养科学全书_全2册_第2版___chunk020.md,不良发生率可高达43.8%。2015年欧洲最新发表的一项多中心研究（14 家医院，n =2400）表明，根据体质指数（BMI）＜-2标准差（SDS）的 诊断标准，住院患儿入院时营养不良的发生率为7%（4.0%～9.3%）， 其中婴儿和1～2岁儿童发生率较高，分别为10.8%和8.3%。国内研究多 为,4,中水平-平稳型
1,0.4562,膳食营养,膳食营养/居民膳食指南科学依据_OCR__chunk043.md,"BMI 险。肥胖 (无论健康与否)与2型糖尿病发生风 在14.0~27.9ke/m' 之间 ,随着 BMI 增加 ,全因死亡 险有关。肥胖人群发生2型糖尿病的风险是健 风险从1.49 (950 CI:1.31,1.71 )下降到 0.96 (95% 康正常体重人群的 4.03倍 ,肥胖并伴有其他疾 ",5,中水平-改善型
2,0.4281,膳食营养,膳食营养/成人肥胖食养指南_2024年版___chunk005.md,常用判断超重和肥胖程度的指标。我国健康成年人的 BMI 正 常 范 围 为 18.5kg/m 2 ≤ BMI<24.0kg/m 2 ， 24.0kg/m 2 ≤ BMI<28.0kg/m 2 为 超 重 ， BMI ≥ 28.0kg/m 2 为 肥 胖 ， BMI<18.5kg/m 2 为体重过低。,5,中水平-改善型
3,0.3981,膳食营养,膳食营养/9 中国营养科学全书_全2册_第2版___chunk042.md,体重是脂肪组织和非脂肪组织之和，可从总体上反映人体营养状况。体 重测定需保持时间、衣着、姿势等方面的一致，对住院患者应选择晨起 空腹，排空大小便后，着内衣裤测定。如患者卧床无法测量体重时，建 议采用差值法，如护理员、家属抱患者总重减去护理员、家属体重。如 有条件，可应用具有体重测量功能的医疗用床进行,5,中水平-改善型
4,0.3777,膳食营养,膳食营养/成人肥胖食养指南_2024年版___chunk127.md,主要材料：鲜山药 100g，黄芪 10g，生姜 3～4 片，鸭肉 300g，板栗 100g。  制作方法：鸭肉切成小块，放入沸水中焯水；板栗加适量 清水煮熟凉后剥皮壳备用；将鲜山药去皮、洗净，切厚片备用。 上述食材一同放入瓦煲内，加入清水，大火烧沸后，再用小火 煲 1小时，放入少许精盐调味后即可。 ,5,中水平-改善型
5,0.3752,膳食营养,膳食营养/10 中国营养科学全书_全2册_第2版___chunk020.md,不良发生率可高达43.8%。2015年欧洲最新发表的一项多中心研究（14 家医院，n =2400）表明，根据体质指数（BMI）＜-2标准差（SDS）的 诊断标准，住院患儿入院时营养不良的发生率为7%（4.0%～9.3%）， 其中婴儿和1～2岁儿童发生率较高，分别为10.8%和8.3%。国内研究多 为,5,中水平-改善型
1,0.4562,膳食营养,膳食营养/居民膳食指南科学依据_OCR__chunk043.md,"BMI 险。肥胖 (无论健康与否)与2型糖尿病发生风 在14.0~27.9ke/m' 之间 ,随着 BMI 增加 ,全因死亡 险有关。肥胖人群发生2型糖尿病的风险是健 风险从1.49 (950 CI:1.31,1.71 )下降到 0.96 (95% 康正常体重人群的 4.03倍 ,肥胖并伴有其他疾 ",6,高水平-退化型
2,0.4281,膳食营养,膳食营养/成人肥胖食养指南_2024年版___chunk005.md,常用判断超重和肥胖程度的指标。我国健康成年人的 BMI 正 常 范 围 为 18.5kg/m 2 ≤ BMI<24.0kg/m 2 ， 24.0kg/m 2 ≤ BMI<28.0kg/m 2 为 超 重 ， BMI ≥ 28.0kg/m 2 为 肥 胖 ， BMI<18.5kg/m 2 为体重过低。,6,高水平-退化型
3,0.3981,膳食营养,膳食营养/9 中国营养科学全书_全2册_第2版___chunk042.md,体重是脂肪组织和非脂肪组织之和，可从总体上反映人体营养状况。体 重测定需保持时间、衣着、姿势等方面的一致，对住院患者应选择晨起 空腹，排空大小便后，着内衣裤测定。如患者卧床无法测量体重时，建 议采用差值法，如护理员、家属抱患者总重减去护理员、家属体重。如 有条件，可应用具有体重测量功能的医疗用床进行,6,高水平-退化型
4,0.3777,膳食营养,膳食营养/成人肥胖食养指南_2024年版___chunk127.md,主要材料：鲜山药 100g，黄芪 10g，生姜 3～4 片，鸭肉 300g，板栗 100g。  制作方法：鸭肉切成小块，放入沸水中焯水；板栗加适量 清水煮熟凉后剥皮壳备用；将鲜山药去皮、洗净，切厚片备用。 上述食材一同放入瓦煲内，加入清水，大火烧沸后，再用小火 煲 1小时，放入少许精盐调味后即可。 ,6,高水平-退化型
5,0.3752,膳食营养,膳食营养/10 中国营养科学全书_全2册_第2版___chunk020.md,不良发生率可高达43.8%。2015年欧洲最新发表的一项多中心研究（14 家医院，n =2400）表明，根据体质指数（BMI）＜-2标准差（SDS）的 诊断标准，住院患儿入院时营养不良的发生率为7%（4.0%～9.3%）， 其中婴儿和1～2岁儿童发生率较高，分别为10.8%和8.3%。国内研究多 为,6,高水平-退化型
1,0.4562,膳食营养,膳食营养/居民膳食指南科学依据_OCR__chunk043.md,"BMI 险。肥胖 (无论健康与否)与2型糖尿病发生风 在14.0~27.9ke/m' 之间 ,随着 BMI 增加 ,全因死亡 险有关。肥胖人群发生2型糖尿病的风险是健 风险从1.49 (950 CI:1.31,1.71 )下降到 0.96 (95% 康正常体重人群的 4.03倍 ,肥胖并伴有其他疾 ",7,高水平-平稳型
2,0.4281,膳食营养,膳食营养/成人肥胖食养指南_2024年版___chunk005.md,常用判断超重和肥胖程度的指标。我国健康成年人的 BMI 正 常 范 围 为 18.5kg/m 2 ≤ BMI<24.0kg/m 2 ， 24.0kg/m 2 ≤ BMI<28.0kg/m 2 为 超 重 ， BMI ≥ 28.0kg/m 2 为 肥 胖 ， BMI<18.5kg/m 2 为体重过低。,7,高水平-平稳型
3,0.3981,膳食营养,膳食营养/9 中国营养科学全书_全2册_第2版___chunk042.md,体重是脂肪组织和非脂肪组织之和，可从总体上反映人体营养状况。体 重测定需保持时间、衣着、姿势等方面的一致，对住院患者应选择晨起 空腹，排空大小便后，着内衣裤测定。如患者卧床无法测量体重时，建 议采用差值法，如护理员、家属抱患者总重减去护理员、家属体重。如 有条件，可应用具有体重测量功能的医疗用床进行,7,高水平-平稳型
4,0.3777,膳食营养,膳食营养/成人肥胖食养指南_2024年版___chunk127.md,主要材料：鲜山药 100g，黄芪 10g，生姜 3～4 片，鸭肉 300g，板栗 100g。  制作方法：鸭肉切成小块，放入沸水中焯水；板栗加适量 清水煮熟凉后剥皮壳备用；将鲜山药去皮、洗净，切厚片备用。 上述食材一同放入瓦煲内，加入清水，大火烧沸后，再用小火 煲 1小时，放入少许精盐调味后即可。 ,7,高水平-平稳型
5,0.3752,膳食营养,膳食营养/10 中国营养科学全书_全2册_第2版___chunk020.md,不良发生率可高达43.8%。2015年欧洲最新发表的一项多中心研究（14 家医院，n =2400）表明，根据体质指数（BMI）＜-2标准差（SDS）的 诊断标准，住院患儿入院时营养不良的发生率为7%（4.0%～9.3%）， 其中婴儿和1～2岁儿童发生率较高，分别为10.8%和8.3%。国内研究多 为,7,高水平-平稳型
1,0.4562,膳食营养,膳食营养/居民膳食指南科学依据_OCR__chunk043.md,"BMI 险。肥胖 (无论健康与否)与2型糖尿病发生风 在14.0~27.9ke/m' 之间 ,随着 BMI 增加 ,全因死亡 险有关。肥胖人群发生2型糖尿病的风险是健 风险从1.49 (950 CI:1.31,1.71 )下降到 0.96 (95% 康正常体重人群的 4.03倍 ,肥胖并伴有其他疾 ",8,高水平-改善型
2,0.4281,膳食营养,膳食营养/成人肥胖食养指南_2024年版___chunk005.md,常用判断超重和肥胖程度的指标。我国健康成年人的 BMI 正 常 范 围 为 18.5kg/m 2 ≤ BMI<24.0kg/m 2 ， 24.0kg/m 2 ≤ BMI<28.0kg/m 2 为 超 重 ， BMI ≥ 28.0kg/m 2 为 肥 胖 ， BMI<18.5kg/m 2 为体重过低。,8,高水平-改善型
3,0.3981,膳食营养,膳食营养/9 中国营养科学全书_全2册_第2版___chunk042.md,体重是脂肪组织和非脂肪组织之和，可从总体上反映人体营养状况。体 重测定需保持时间、衣着、姿势等方面的一致，对住院患者应选择晨起 空腹，排空大小便后，着内衣裤测定。如患者卧床无法测量体重时，建 议采用差值法，如护理员、家属抱患者总重减去护理员、家属体重。如 有条件，可应用具有体重测量功能的医疗用床进行,8,高水平-改善型
4,0.3777,膳食营养,膳食营养/成人肥胖食养指南_2024年版___chunk127.md,主要材料：鲜山药 100g，黄芪 10g，生姜 3～4 片，鸭肉 300g，板栗 100g。  制作方法：鸭肉切成小块，放入沸水中焯水；板栗加适量 清水煮熟凉后剥皮壳备用；将鲜山药去皮、洗净，切厚片备用。 上述食材一同放入瓦煲内，加入清水，大火烧沸后，再用小火 煲 1小时，放入少许精盐调味后即可。 ,8,高水平-改善型
5,0.3752,膳食营养,膳食营养/10 中国营养科学全书_全2册_第2版___chunk020.md,不良发生率可高达43.8%。2015年欧洲最新发表的一项多中心研究（14 家医院，n =2400）表明，根据体质指数（BMI）＜-2标准差（SDS）的 诊断标准，住院患儿入院时营养不良的发生率为7%（4.0%～9.3%）， 其中婴儿和1～2岁儿童发生率较高，分别为10.8%和8.3%。国内研究多 为,8,高水平-改善型
