model,accuracy_mean,accuracy_std,precision_mean,precision_std,recall_mean,recall_std,f1_mean,f1_std,specificity_mean,specificity_std,auc_mean,auc_std,ap_mean,ap_std
SAINT,0.28706624605678227,0.05799479924908516,0.19528721405161034,0.018511385779237388,0.9061813059761099,0.05019237237428757,0.3207646925831213,0.02390007579524316,0.14675380558923432,0.07216880099101478,0.5281165984944534,0.01547839627142595,0.19543213611029928,0.018754729552306545
GRANDE,0.6131703470031545,0.02428202573870764,0.2766877356649334,0.02108548668206369,0.6678678504808784,0.05215156160129057,0.39005402311401416,0.014263093554900455,0.601567050770136,0.039988617667372515,0.6872266481187778,0.008766423664044464,0.34877733243834674,0.027015443487469048
ModernNCA,0.5864879074658255,0.03665354626953064,0.26002155312016956,0.024785738552914344,0.6603132527181207,0.020629079071897257,0.3725147405764359,0.024396916482786052,0.5694936276720391,0.050107052653918356,0.6613970443170293,0.01559902423846968,0.3132286491384742,0.027987806415339662
SupCon,0.5864879074658255,0.03665354626953064,0.26002155312016956,0.024785738552914344,0.6603132527181207,0.020629079071897257,0.3725147405764359,0.024396916482786052,0.5694936276720391,0.050107052653918356,0.6613970443170293,0.01559902423846968,0.3132286491384742,0.027987806415339662
FT_Transformer,0.512092534174553,0.07914218935642148,0.2207839063574822,0.009451837363588862,0.6400508148436752,0.11353541151922553,0.3268620024849462,0.015297589130420456,0.48139766217065344,0.12622319735121632,0.5804783425862535,0.012514212319032034,0.2293521609700768,0.004758889639286488
MLP,0.5240536277602524,0.04796969265057343,0.22386492546300252,0.008901344735220676,0.634347843567742,0.06790532953900685,0.33066558535238316,0.017774360251571596,0.49746333501746665,0.07604783244047528,0.5795274491753463,0.0021395148554356966,0.22540594842051198,0.016151736410390805
TabM,0.6110672975814931,0.06149944887814131,0.26963842761550344,0.026405108013026257,0.6291037139882324,0.054474032407245694,0.37623471233227335,0.022644771569962467,0.60599024512916,0.08871944418253355,0.6727020281786865,0.013006184360472232,0.33534864155252836,0.022095343471030284
Logistic,0.625,0.0061215199906387435,0.27444626882425244,0.010075212380554503,0.6221791957111201,0.02798942162512905,0.3806154756313991,0.008793284190074063,0.6258656367044578,0.0028192658999280883,0.676203224968888,0.012254752643725244,0.3328920948347132,0.021720953229460428
ResNet1D,0.6231598317560462,0.011539106337375718,0.2624905127849278,0.023427139247648564,0.5702545278190504,0.046114047590131164,0.35920075722237765,0.028243415780652505,0.6348718195078152,0.023512387258639317,0.6435984696914673,0.011213410459261606,0.2915889978116124,0.02272540316328872
LightGBM,0.7007097791798107,0.015046359643800392,0.3162449035134019,0.0011046252808381962,0.5288653011396907,0.05364494573312956,0.3951127365774516,0.01492674850895341,0.7402936670370597,0.01936479973929629,0.6803084297416889,0.017966238313614394,0.3501090527105317,0.026895625892938084
XGBoost,0.8144058885383806,0.01380313942463199,0.4946372792758335,0.07129131432085033,0.0875130694577928,0.022970042258597254,0.14845945275231134,0.03646280707484811,0.980152796641565,0.0007570316150287643,0.6814377112485315,0.015616917063288821,0.34729087956150995,0.02590439479812171
RBF_SVM,0.8169032597266036,0.011078500265880855,0.5720811755294514,0.0896662531090924,0.05028564824433527,0.018404711204201795,0.09202507827200394,0.03189666656571052,0.9916295813774522,0.002315148773062474,0.691031968020679,0.007965370513449612,0.3462201689687114,0.02600779510594793
TabPFN_2.5,0.8159831756046266,0.012232451862042576,0.5363848048179846,0.10121246711062941,0.045251831150831534,0.018737918419989414,0.08324047253140916,0.03302565860277109,0.9916138618008562,0.0006027620197416328,0.6945313703722906,0.014481065071468565,0.35627661776013503,0.020908361340992873
RandomForest,0.8145373291272344,0.011155427125509319,0.5021929824561403,0.16787062261518973,0.018179075299357136,0.006648753064147405,0.03507890995409597,0.012768700678609045,0.995976120036182,0.0010451265229311434,0.6745390058680248,0.015494130695896573,0.33162547535141557,0.03338860513197863
TabNet,0.8132229232386962,0.012446667298801391,0.27469135802469136,0.23793473916306215,0.011918707972528633,0.012774341745490574,0.02267603571951397,0.02400883614377827,0.9960005948760465,0.003353021351612014,0.6493240823582322,0.0279841099646158,0.29544028894282554,0.02876101836638111
