accuracy,precision,recall,f1,specificity,auc,ap,tp,fp,fn,tn,model,seed,seconds
0.6313091482649842,0.2632075471698113,0.6443418013856813,0.3737441393168118,0.6286257727056586,0.6856025539232967,0.3210779451543972,279.0,781.0,154.0,1322.0,Logistic,42,0.2
0.6190851735015773,0.2774621212121212,0.5907258064516129,0.3775773195876288,0.6259803921568627,0.6623428605313093,0.3196388145191147,293.0,763.0,203.0,1277.0,Logistic,43,0.2
0.6246056782334385,0.2826691380908248,0.6314699792960663,0.3905249679897567,0.6229907452508524,0.6806642604520579,0.3579595248306277,305.0,774.0,178.0,1279.0,Logistic,44,0.2
0.8268927444794952,0.3125,0.0115473441108545,0.0222717149220489,0.9947693770803614,0.681102219528025,0.2945932121485131,5.0,11.0,428.0,2092.0,RandomForest,42,0.5
0.805205047318612,0.5625,0.0181451612903225,0.03515625,0.9965686274509804,0.6568434732764074,0.3408541119077856,9.0,7.0,487.0,2033.0,RandomForest,43,0.5
0.8115141955835962,0.631578947368421,0.0248447204968944,0.047808764940239,0.996590355577204,0.6856713247996419,0.3594291019979479,12.0,7.0,471.0,2046.0,RandomForest,44,0.5
0.8280757097791798,0.4819277108433735,0.092378752886836,0.1550387596899224,0.9795530194959582,0.6935171244422628,0.3313446811942112,40.0,43.0,393.0,2060.0,XGBoost,42,0.2
0.8004731861198738,0.4305555555555556,0.0625,0.1091549295774647,0.9799019607843136,0.6638025774826058,0.3333476209711126,31.0,41.0,465.0,1999.0,XGBoost,43,0.1
0.8146687697160884,0.5714285714285714,0.1076604554865424,0.181184668989547,0.9810034096444228,0.6869934318207258,0.3771803365192062,52.0,39.0,431.0,2014.0,XGBoost,44,0.1
0.7164826498422713,0.3161953727506427,0.5681293302540416,0.4062758051197357,0.7470280551592963,0.6970851055184555,0.336824730216801,246.0,532.0,187.0,1571.0,LightGBM,42,0.8
0.6991324921135647,0.3173734610123119,0.4677419354838709,0.378158109209454,0.7553921568627451,0.6613515970904491,0.3324403156999324,232.0,499.0,264.0,1541.0,LightGBM,43,0.6
0.6865141955835962,0.3151658767772511,0.5507246376811594,0.400904295403165,0.7184607890891378,0.6824885866161623,0.3810621122148618,266.0,578.0,217.0,1475.0,LightGBM,44,0.6
0.8284700315457413,0.4761904761904761,0.046189376443418,0.0842105263157894,0.9895387541607228,0.6996801006809802,0.3198358740939493,20.0,22.0,413.0,2081.0,RBF_SVM,42,8.3
0.8063880126182965,0.5862068965517241,0.034274193548387,0.0647619047619047,0.9941176470588236,0.6839959875079065,0.3469902737301,17.0,12.0,479.0,2028.0,RBF_SVM,43,8.1
0.8158517350157729,0.6538461538461539,0.0703933747412008,0.1271028037383177,0.9912323429128104,0.6894198158731504,0.3718343590820847,34.0,18.0,449.0,2035.0,RBF_SVM,44,8.1
0.570583596214511,0.2137870855148342,0.5658198614318707,0.3103229892336922,0.5715644317641465,0.5812877018314317,0.2076681899650465,245.0,901.0,188.0,1202.0,MLP,42,6.6
0.4747634069400631,0.227154046997389,0.7016129032258065,0.3431952662721893,0.4196078431372549,0.5801485412713473,0.2392655723624548,348.0,1184.0,148.0,856.0,MLP,43,5.8
0.526813880126183,0.2306536438767843,0.6356107660455487,0.3384785005512679,0.5012177301509986,0.5771461044232599,0.2292840829340346,307.0,1024.0,176.0,1029.0,MLP,44,5.8
0.580441640378549,0.2364243943191311,0.6535796766743649,0.347239263803681,0.5653827864954827,0.6610725467521927,0.2880698447689249,283.0,914.0,150.0,1189.0,ModernNCA,42,7.5
0.5532334384858044,0.2577946768060836,0.6834677419354839,0.3743787962451684,0.5215686274509804,0.6459628004427578,0.3082412294717133,339.0,976.0,157.0,1064.0,ModernNCA,43,7.4
0.625788643533123,0.2858455882352941,0.6438923395445134,0.3959261616804583,0.6215294690696541,0.6771557857561372,0.3433748731747844,311.0,777.0,172.0,1276.0,ModernNCA,44,7.3
0.6261829652996845,0.2358974358974359,0.5311778290993071,0.3267045454545454,0.6457441749881122,0.6335489057203005,0.2714046790418191,230.0,745.0,203.0,1358.0,ResNet1D,42,7.7
0.6328864353312302,0.2800808897876643,0.5584677419354839,0.373063973063973,0.6509803921568628,0.6415525181846932,0.28715914267429,277.0,712.0,219.0,1328.0,ResNet1D,43,7.7
0.610410094637224,0.2714932126696832,0.6211180124223602,0.3778337531486146,0.6078908913784705,0.6556939851694082,0.3162031717187281,300.0,805.0,183.0,1248.0,ResNet1D,44,7.8
0.8272870662460567,0.4074074074074074,0.0254041570438799,0.0478260869565217,0.9923918212077985,0.6587076199292993,0.289700042794038,11.0,16.0,422.0,2087.0,TabNet,42,82.1
0.8036277602523659,0.0,0.0,0.0,0.9990196078431371,0.6178541073687539,0.2699822748019909,0.0,2.0,496.0,2038.0,TabNet,43,45.8
0.8087539432176656,0.4166666666666667,0.010351966873706,0.0202020202020202,0.996590355577204,0.6714105197766436,0.3266385492324477,5.0,7.0,478.0,2046.0,TabNet,44,90.6
0.2263406940063091,0.1739872068230277,0.9422632794457276,0.2937365010799136,0.0789348549690917,0.5106040090094542,0.1738390937982067,408.0,1937.0,25.0,166.0,SAINT,42,6.4
0.292981072555205,0.2074875958502481,0.9274193548387096,0.3391079985256174,0.1387254901960784,0.5337805384250475,0.2076587878062946,460.0,1757.0,36.0,283.0,SAINT,43,6.6
0.3418769716088328,0.2043868394815553,0.8488612836438924,0.3294495781438328,0.2226010716025328,0.5399652480488585,0.2047985267263965,410.0,1596.0,73.0,457.0,SAINT,44,5.2
0.580441640378549,0.2364243943191311,0.6535796766743649,0.347239263803681,0.5653827864954827,0.6610725467521927,0.2880698447689249,283.0,914.0,150.0,1189.0,SupCon,42,7.5
0.5532334384858044,0.2577946768060836,0.6834677419354839,0.3743787962451684,0.5215686274509804,0.6459628004427578,0.3082412294717133,339.0,976.0,157.0,1064.0,SupCon,43,7.5
0.625788643533123,0.2858455882352941,0.6438923395445134,0.3959261616804583,0.6215294690696541,0.6771557857561372,0.3433748731747844,311.0,777.0,172.0,1276.0,SupCon,44,7.6
0.5555993690851735,0.21179401993355482,0.5889145496535797,0.31154551007941356,0.5487398953875416,0.5948622829587996,0.22409526778387914,,,,,FT_Transformer,42,23.5
0.42074132492113564,0.21991940126655152,0.7701612903225806,0.34214061800268697,0.33578431372549017,0.5744831198608475,0.2333665498854205,,,,,FT_Transformer,43,21.6
0.5599369085173501,0.23063829787234041,0.5610766045548654,0.32689987937273823,0.5596687773989284,0.5720896249391135,0.2305946652409308,,,,,FT_Transformer,44,20.6
