model,accuracy_mean,recall_mean,recall_std,precision_mean,f1_mean,auc_mean,ap_mean
SAINT,0.28706624605678227,0.9061813059761099,0.05019237237428757,0.19528721405161034,0.3207646925831213,0.5281165984944534,0.19543213611029928
GRANDE,0.6131703470031545,0.6678678504808784,0.05215156160129057,0.2766877356649334,0.39005402311401416,0.6872266481187778,0.34877733243834674
ModernNCA,0.5864879074658255,0.6603132527181207,0.020629079071897257,0.26002155312016956,0.3725147405764359,0.6613970443170293,0.3132286491384742
SupCon,0.5864879074658255,0.6603132527181207,0.020629079071897257,0.26002155312016956,0.3725147405764359,0.6613970443170293,0.3132286491384742
FT_Transformer,0.512092534174553,0.6400508148436752,0.11353541151922553,0.2207839063574822,0.3268620024849462,0.5804783425862535,0.2293521609700768
MLP,0.5240536277602524,0.634347843567742,0.06790532953900685,0.22386492546300252,0.33066558535238316,0.5795274491753463,0.22540594842051198
TabM,0.6110672975814931,0.6291037139882324,0.054474032407245694,0.26963842761550344,0.37623471233227335,0.6727020281786865,0.33534864155252836
Logistic,0.625,0.6221791957111201,0.02798942162512905,0.27444626882425244,0.3806154756313991,0.676203224968888,0.3328920948347132
ResNet1D,0.6231598317560462,0.5702545278190504,0.046114047590131164,0.2624905127849278,0.35920075722237765,0.6435984696914673,0.2915889978116124
LightGBM,0.7007097791798107,0.5288653011396907,0.05364494573312956,0.3162449035134019,0.3951127365774516,0.6803084297416889,0.3501090527105317
XGBoost,0.8144058885383806,0.0875130694577928,0.022970042258597254,0.4946372792758335,0.14845945275231134,0.6814377112485315,0.34729087956150995
TabPFN_v2,0.8138801261829652,0.06085745527476787,0.02244304777533318,0.5105424573509679,0.10713457916847746,0.7046620543395242,0.35993014499416986
RBF_SVM,0.8169032597266036,0.05028564824433527,0.018404711204201795,0.5720811755294514,0.09202507827200394,0.691031968020679,0.3462201689687114
TabPFN_2.5,0.8159831756046266,0.045251831150831534,0.018737918419989414,0.5363848048179846,0.08324047253140916,0.6945313703722906,0.35627661776013503
RandomForest,0.8145373291272344,0.018179075299357136,0.006648753064147405,0.5021929824561403,0.03507890995409597,0.6745390058680248,0.33162547535141557
TabNet,0.8132229232386962,0.011918707972528633,0.012774341745490574,0.27469135802469136,0.02267603571951397,0.6493240823582322,0.29544028894282554
