model,threshold,recall,precision,f1,accuracy
Logistic,0.3,0.9468822170900693,0.18928901200369344,0.31550596383224316,0.2985015772870662
Logistic,0.4,0.8106235565819861,0.21234119782214156,0.336529242569511,0.45425867507886436
Logistic,0.5,0.6443418013856813,0.2632075471698113,0.3737441393168118,0.6313091482649842
Logistic,0.6,0.3856812933025404,0.3230174081237911,0.35157894736842105,0.7570977917981072
Logistic,0.7,0.20554272517321015,0.4564102564102564,0.28343949044585987,0.8225552050473186
RandomForest,0.3,0.2586605080831409,0.3446153846153846,0.2955145118733509,0.7894321766561514
RandomForest,0.4,0.09006928406466513,0.43820224719101125,0.14942528735632185,0.8249211356466877
RandomForest,0.5,0.011547344110854504,0.3125,0.022271714922048998,0.8268927444794952
RandomForest,0.6,0.0,0.0,0.0,0.8288643533123028
RandomForest,0.7,0.0,0.0,0.0,0.8292586750788643
XGBoost,0.3,0.3210161662817552,0.38082191780821917,0.3483709273182957,0.7949526813880127
XGBoost,0.4,0.18013856812933027,0.4431818181818182,0.2561576354679803,0.8213722397476341
XGBoost,0.5,0.09237875288683603,0.4819277108433735,0.15503875968992248,0.8280757097791798
XGBoost,0.6,0.03233256351039261,0.5185185185185185,0.06086956521739131,0.8296529968454258
XGBoost,0.7,0.009237875288683603,0.6666666666666666,0.018223234624145785,0.8300473186119873
LightGBM,0.3,0.8175519630484989,0.2029816513761468,0.3252181901699587,0.42074132492113564
LightGBM,0.4,0.7159353348729792,0.24899598393574296,0.3694874851013111,0.582807570977918
LightGBM,0.5,0.5681293302540416,0.3161953727506427,0.40627580511973577,0.7164826498422713
LightGBM,0.6,0.3556581986143187,0.37745098039215685,0.36623067776456597,0.7898264984227129
LightGBM,0.7,0.18937644341801385,0.4581005586592179,0.2679738562091503,0.8233438485804416
RBF_SVM,0.3,0.3533487297921478,0.36255924170616116,0.35789473684210527,0.7835173501577287
RBF_SVM,0.4,0.15011547344110854,0.42483660130718953,0.22184300341296928,0.8201892744479495
RBF_SVM,0.5,0.046189376443418015,0.47619047619047616,0.08421052631578947,0.8284700315457413
RBF_SVM,0.6,0.004618937644341801,0.3333333333333333,0.009111617312072893,0.8284700315457413
RBF_SVM,0.7,0.0,0.0,0.0,0.8292586750788643
MLP,0.3,1.0,0.17074132492113564,0.2916807005725834,0.17074132492113564
MLP,0.4,1.0,0.17074132492113564,0.2916807005725834,0.17074132492113564
MLP,0.5,0.5658198614318707,0.21378708551483422,0.3103229892336922,0.570583596214511
MLP,0.6,0.046189376443418015,0.25,0.07797270955165692,0.8134858044164038
MLP,0.7,0.0,0.0,0.0,0.8288643533123028
ModernNCA,0.3,0.9584295612009238,0.18298059964726632,0.30729359496482783,0.2622239747634069
ModernNCA,0.4,0.8175519630484989,0.2090962787950384,0.3330197554092192,0.44085173501577285
ModernNCA,0.5,0.6535796766743649,0.23642439431913115,0.347239263803681,0.580441640378549
ModernNCA,0.6,0.46420323325635104,0.28551136363636365,0.35356200527704484,0.7101735015772871
ModernNCA,0.7,0.19168591224018475,0.34439834024896265,0.24629080118694363,0.7996845425867508
ResNet1D,0.3,0.6905311778290993,0.2101194659170766,0.32219827586206895,0.5039432176656151
ResNet1D,0.4,0.6189376443418014,0.22408026755852842,0.32903621853898096,0.569006309148265
ResNet1D,0.5,0.5311778290993071,0.2358974358974359,0.32670454545454547,0.6261829652996845
ResNet1D,0.6,0.47113163972286376,0.2602040816326531,0.3352506162695152,0.680993690851735
ResNet1D,0.7,0.3833718244803695,0.29432624113475175,0.3329989969909729,0.737776025236593
TabNet,0.3,0.26558891454965355,0.30997304582210244,0.2860696517412935,0.7736593059936908
TabNet,0.4,0.10854503464203233,0.46078431372549017,0.17570093457943925,0.8261041009463722
TabNet,0.5,0.025404157043879907,0.4074074074074074,0.04782608695652174,0.8272870662460567
TabNet,0.6,0.006928406466512702,0.5,0.01366742596810934,0.8292586750788643
TabNet,0.7,0.0,0.0,0.0,0.8292586750788643
SAINT,0.3,1.0,0.17074132492113564,0.2916807005725834,0.17074132492113564
SAINT,0.4,1.0,0.1717572391907973,0.2931618144888287,0.17665615141955837
SAINT,0.5,0.9422632794457275,0.1739872068230277,0.2937365010799136,0.22634069400630916
SAINT,0.6,0.0,0.0,0.0,0.8292586750788643
SAINT,0.7,0.0,0.0,0.0,0.8292586750788643
SupCon,0.3,0.9584295612009238,0.18298059964726632,0.30729359496482783,0.2622239747634069
SupCon,0.4,0.8175519630484989,0.2090962787950384,0.3330197554092192,0.44085173501577285
SupCon,0.5,0.6535796766743649,0.23642439431913115,0.347239263803681,0.580441640378549
SupCon,0.6,0.46420323325635104,0.28551136363636365,0.35356200527704484,0.7101735015772871
SupCon,0.7,0.19168591224018475,0.34439834024896265,0.24629080118694363,0.7996845425867508
