model,kind,params,train_seconds,infer_cpu_ms,infer_gpu_ms,gpu_device,error,infer_mps_ms,note,params_K
Logistic,sklearn,522.0,3.22,0.1614,,,,,,0.5
SupCon,torch,18345.0,17.9,0.4848,0.26,cuda,,,,18.3
RBF_SVM,sklearn,36.0,16.56,1.7834,,,,,,0.0
FT-Transformer,torch,158025.0,277.63,2.0122,1.0084,cuda,,,,158.0
LightGBM,sklearn,521161.0,57.381869395573936,2.292,1.146,cuda,,,,521.2
ResNet1D,torch,279945.0,109.9,2.4498,1.1479,cuda,,,,279.9
XGBoost,sklearn,553404.0,28.87678480148315,2.916,1.458,cuda,,,,553.4
SAINT,torch,32493177.0,193.66,4.0082,1.9226,cuda,,,,32493.2
TabNet,torch,472478.0,191.13844513893127,15.808,7.839,cuda,,,,472.5
RandomForest,sklearn,3685082.0,5.0,37.7516,,,,,,3685.1
TabPFN_v2,,,250.61455392837524,,,,skipped by user,,,
GRANDE,tree,,,,,,"checkpoint missing (训练失败, 见 GRANDE_status.json)",,,
ModernNCA,torch,116000.0,,,,,,0.173,MPS,116.0
TabM,torch,48000.0,,,,,,3.621,"MPS, 32-member ensemble",48.0
MLP (256-256),torch,84000.0,,,,,,0.162,"MPS, baseline",84.0
TabPFN-2.5,foundation,100000000.0,,,,,,,"pretrained ~100M, in-context learning",100000.0
TabICLv2,foundation,100000000.0,,,,,,,"pretrained ~100M, in-context learning",100000.0
