model,n_test,ml_vs_gold_acc,ml_vs_gold_kappa,ml_vs_gold_macro_f1,ml_vs_hi_acc,ml_vs_hi_kappa,ml_vs_hi_macro_f1,hi_self_acc_vs_gold,verdict
TabM,3931,0.8519,0.8188,0.806,0.8519,0.8188,0.806,1.0,MISS
ModernNCA,3931,0.8474,0.8129,0.8073,0.8474,0.8129,0.8073,1.0,MISS
TabPFN_v2,3931,0.8354,0.7968,0.7753,0.8354,0.7968,0.7753,1.0,MISS
SAINT,5409,0.8292,0.7918,0.7606,0.8292,0.7918,0.7606,1.0,MISS
TabNet,5409,0.8249,0.7865,0.7506,0.8249,0.7865,0.7506,1.0,MISS
FT_Transformer,5409,0.8197,0.7815,0.7341,0.8197,0.7815,0.7341,1.0,MISS
LightGBM,5409,0.7837,0.7337,0.6803,0.7837,0.7337,0.6803,1.0,MISS
GRANDE,3931,0.7627,0.7145,0.7057,0.7627,0.7145,0.7057,1.0,MISS
XGBoost,5409,0.7626,0.7088,0.6799,0.7626,0.7088,0.6799,1.0,MISS
ResNet1D,5409,0.7478,0.6949,0.6655,0.7478,0.6949,0.6655,1.0,MISS
