model,seed,accuracy,macro_f1,avg_precision,seconds
Logistic,42,0.6384,0.562,0.3331,0.0
Logistic,43,0.6215,0.5544,0.3302,0.0
Logistic,44,0.625,0.5627,0.3747,0.0
RandomForest,42,0.8269,0.4637,0.2943,0.5
RandomForest,43,0.8056,0.4617,0.3403,0.5
RandomForest,44,0.8115,0.4716,0.3598,0.5
XGBoost,42,0.7259,0.6114,0.329,0.2
XGBoost,43,0.7102,0.5905,0.3269,0.1
XGBoost,44,0.7023,0.5986,0.3707,0.1
LightGBM,42,0.7114,0.5972,0.322,0.7
LightGBM,43,0.7015,0.5842,0.3286,0.7
LightGBM,44,0.6909,0.5895,0.3856,0.7
MLP,42,0.696,0.5974,0.3351,8.0
MLP,43,0.7106,0.5994,0.3398,7.1
MLP,44,0.6798,0.5902,0.3489,7.1
ModernNCA,42,0.7244,0.6105,0.3262,7.5
ModernNCA,43,0.7169,0.6002,0.3394,7.3
ModernNCA,44,0.6932,0.5997,0.3631,7.3
ResNet1D,42,0.8013,0.525,0.2215,8.7
ResNet1D,43,0.7725,0.5155,0.2599,7.0
ResNet1D,44,0.7926,0.4926,0.2702,7.1
TabM,42,0.7216,0.5929,0.2966,16.2
TabM,43,0.7133,0.5889,0.3259,15.0
TabM,44,0.6928,0.5957,0.3546,15.0
TabPFN-2.5,42,0.8316,0.5288,0.3591,23.4
TabPFN-2.5,43,0.8052,0.5011,0.3672,21.9
TabPFN-2.5,44,0.8178,0.5259,0.4,22.8
SupCon,42,0.7271,0.6095,0.3336,10.5
SupCon,43,0.7145,0.5924,0.319,9.6
SupCon,44,0.6897,0.5952,0.3615,9.2
TabNet,42,0.6853,0.5906,0.337,10.0
TabNet,43,0.6857,0.5913,0.3453,9.6
TabNet,44,0.6747,0.5895,0.3655,9.6
FT_Transformer,42,0.8214,0.4553,0.1792,36.6
FT_Transformer,43,0.8044,0.4458,0.2069,34.9
FT_Transformer,44,0.7413,0.5092,0.2034,34.6
SAINT,42,0.8293,0.4533,0.178,74.0
SAINT,43,0.8044,0.4458,0.2036,93.6
SAINT,44,0.8095,0.4474,0.1961,91.3
GRANDE,42,0.6723,0.5831,0.3226,144.7
GRANDE,43,0.6171,0.5563,0.3447,165.8
GRANDE,44,0.6084,0.5519,0.3625,184.2
TabICLv2,42,0.834,0.5253,0.3681,61.1
TabICLv2,43,0.8036,0.4986,0.3535,9.1
TabICLv2,44,0.8182,0.5246,0.3896,9.0
RBF_SVM,42,0.6609,0.5776,0.3198,7.8
RBF_SVM,43,0.6601,0.5813,0.347,7.7
RBF_SVM,44,0.64,0.5713,0.3718,7.7
