method,seed,JC,FMI,RI,accuracy,macro_f1,n_pred_classes,DBI,DI,name,seconds
Logistic,42,0.3347753930972406,0.5034143406452725,0.8302203017981208,0.6753558883342577,0.6269588617391072,9,5.339430013986316,0.0848545161915853,,
Logistic,43,0.3347753930972406,0.5034143406452725,0.8302203017981208,0.6753558883342577,0.6269588617391072,9,5.339430013986316,0.0848545161915853,,
Logistic,44,0.3347753930972406,0.5034143406452725,0.8302203017981208,0.6753558883342577,0.6269588617391072,9,5.339430013986316,0.0848545161915853,,
RandomForest,42,0.309162583050236,0.4846860516103506,0.7486183448361869,0.6261785912368275,0.4971791313042791,9,4.364044811939326,0.0897904786531214,,
RandomForest,43,0.3149543021551572,0.4913141304173571,0.7525887573964497,0.6326492882233314,0.4804149731400431,9,4.238191491321307,0.0834331967385016,,
RandomForest,44,0.3110135377537669,0.4867764127020772,0.7499913167950414,0.6306156405990017,0.4938566181119876,9,4.416159792041817,0.085857963039432,,
RBF_SVM,42,0.5370517091498883,0.6990327487343763,0.8914943973500226,0.8171565908670734,0.7420291049500095,9,5.189870743215173,0.099043231990279,,
RBF_SVM,43,0.5370517091498883,0.6990327487343763,0.8914943973500226,0.8171565908670734,0.7420291049500095,9,5.189870743215173,0.099043231990279,,
RBF_SVM,44,0.5370517091498883,0.6990327487343763,0.8914943973500226,0.8171565908670734,0.7420291049500095,9,5.189870743215173,0.099043231990279,,
SupCon,42,0.5878153466954429,0.7408077257321061,0.9071582837501818,0.8482159364022924,0.8021197000896745,9,5.208448920660776,0.0913593437395687,,
SupCon,43,0.5771179495046557,0.7323002850518177,0.9042559737715248,0.8426696246995747,0.8045129183801311,9,5.228391685553215,0.0994940016650035,,
SupCon,44,0.5767930000432512,0.7319136014945828,0.9036627809666335,0.842854501756332,0.8017946733947032,9,5.119473463601702,0.0967926322058915,,
XGBoost,42,0.4510924256873833,0.621728055134895,0.8602974195976244,0.7626178591236827,0.6799353395904186,9,5.109848310550672,0.0904504467963138,XGBoost,26.16232371330261
XGBoost,43,0.448557994634051,0.6193228363232955,0.8587423054497162,0.7607690885561101,0.680711488040338,9,5.079220058247648,0.0904504467963138,XGBoost,29.84656023979187
XGBoost,44,0.4470362661060271,0.6178646606070283,0.8587988488394862,0.7602144573858384,0.6683184559907578,9,5.049277081409324,0.0904504467963138,XGBoost,30.62147045135498
LightGBM,42,0.4878819527769938,0.6558963893946815,0.8707264273548031,0.78369384359401,0.6802668112818102,9,4.977598574670944,0.0904504467963138,LightGBM,58.08174467086792
LightGBM,43,0.4916803793882957,0.6594039313836402,0.8711637327005943,0.7873913847291552,0.6870708269509845,9,4.961534525703804,0.0904504467963138,LightGBM,57.276697874069214
LightGBM,44,0.4946487086252578,0.6620746011204419,0.8721087662355421,0.7862821223886116,0.6795529546835577,9,4.952337523862002,0.0950050659338914,LightGBM,56.78716564178467
