method,seed,rule_class,precision,recall,f1-score,support
LightGBM,42,0,0.841313269493844,0.8049738219895288,0.822742474916388,764.0
LightGBM,42,1,0.7462387161484454,0.7806925498426023,0.7630769230769231,953.0
LightGBM,42,2,0.7411347517730497,0.6371951219512195,0.6852459016393443,328.0
LightGBM,42,3,0.7589928057553957,0.7364746945898778,0.7475642161204605,573.0
LightGBM,42,4,0.8027127003699137,0.8224889450410613,0.8124804992199688,1583.0
LightGBM,42,5,0.80990099009901,0.838974358974359,0.8241813602015113,975.0
LightGBM,42,6,0.5,0.1875,0.2727272727272727,16.0
LightGBM,42,7,0.5765765765765766,0.6153846153846154,0.5953488372093023,104.0
LightGBM,42,8,0.6595744680851063,0.5486725663716814,0.5990338164251208,113.0
LightGBM,43,0,0.8489010989010989,0.8089005235602095,0.8284182305630027,764.0
LightGBM,43,1,0.7545271629778671,0.7869884575026233,0.7704160246533128,953.0
LightGBM,43,2,0.7580071174377224,0.649390243902439,0.6995073891625616,328.0
LightGBM,43,3,0.7696526508226691,0.7347294938917975,0.7517857142857143,573.0
LightGBM,43,4,0.7943475646422129,0.8344914718888187,0.8139248305606901,1583.0
LightGBM,43,5,0.8131313131313131,0.8256410256410256,0.8193384223918575,975.0
LightGBM,43,6,0.5,0.1875,0.2727272727272727,16.0
LightGBM,43,7,0.6111111111111112,0.6346153846153846,0.6226415094339622,104.0
LightGBM,43,8,0.6739130434782609,0.5486725663716814,0.6048780487804878,113.0
LightGBM,44,0,0.844474761255116,0.8102094240837696,0.8269873079492318,764.0
LightGBM,44,1,0.749,0.7859391395592865,0.7670250896057348,953.0
LightGBM,44,2,0.7333333333333333,0.6036585365853658,0.6622073578595318,328.0
LightGBM,44,3,0.7685185185185185,0.7242582897033158,0.7457322551662174,573.0
LightGBM,44,4,0.7987915407854985,0.8351231838281743,0.8165534280420013,1583.0
LightGBM,44,5,0.8195413758723828,0.8430769230769231,0.8311425682507584,975.0
LightGBM,44,6,0.5,0.1875,0.2727272727272727,16.0
LightGBM,44,7,0.5740740740740741,0.5961538461538461,0.5849056603773585,104.0
LightGBM,44,8,0.6702127659574468,0.5575221238938053,0.6086956521739131,113.0
Logistic,42,0,0.7155727155727156,0.7277486910994765,0.7216093445814407,764.0
Logistic,42,1,0.6579841449603624,0.6096537250786989,0.6328976034858388,953.0
Logistic,42,2,0.5301455301455301,0.7774390243902439,0.630407911001236,328.0
Logistic,42,3,0.5877976190476191,0.6893542757417103,0.6345381526104418,573.0
Logistic,42,4,0.7760127084988085,0.6171825647504738,0.6875439831104856,1583.0
Logistic,42,5,0.7570498915401301,0.7158974358974359,0.7358987875593042,975.0
Logistic,42,6,0.2222222222222222,0.875,0.35443037974683544,16.0
Logistic,42,7,0.5151515151515151,0.8173076923076923,0.6319702602230484,104.0
Logistic,42,8,0.4919786096256685,0.8141592920353983,0.6133333333333333,113.0
Logistic,43,0,0.7155727155727156,0.7277486910994765,0.7216093445814407,764.0
Logistic,43,1,0.6579841449603624,0.6096537250786989,0.6328976034858388,953.0
Logistic,43,2,0.5301455301455301,0.7774390243902439,0.630407911001236,328.0
Logistic,43,3,0.5877976190476191,0.6893542757417103,0.6345381526104418,573.0
Logistic,43,4,0.7760127084988085,0.6171825647504738,0.6875439831104856,1583.0
Logistic,43,5,0.7570498915401301,0.7158974358974359,0.7358987875593042,975.0
Logistic,43,6,0.2222222222222222,0.875,0.35443037974683544,16.0
Logistic,43,7,0.5151515151515151,0.8173076923076923,0.6319702602230484,104.0
Logistic,43,8,0.4919786096256685,0.8141592920353983,0.6133333333333333,113.0
Logistic,44,0,0.7155727155727156,0.7277486910994765,0.7216093445814407,764.0
Logistic,44,1,0.6579841449603624,0.6096537250786989,0.6328976034858388,953.0
Logistic,44,2,0.5301455301455301,0.7774390243902439,0.630407911001236,328.0
Logistic,44,3,0.5877976190476191,0.6893542757417103,0.6345381526104418,573.0
Logistic,44,4,0.7760127084988085,0.6171825647504738,0.6875439831104856,1583.0
Logistic,44,5,0.7570498915401301,0.7158974358974359,0.7358987875593042,975.0
Logistic,44,6,0.2222222222222222,0.875,0.35443037974683544,16.0
Logistic,44,7,0.5151515151515151,0.8173076923076923,0.6319702602230484,104.0
Logistic,44,8,0.4919786096256685,0.8141592920353983,0.6133333333333333,113.0
RBF_SVM,42,0,0.8471337579617835,0.8704188481675392,0.8586184635248547,764.0
RBF_SVM,42,1,0.788235294117647,0.7733473242392445,0.7807203389830508,953.0
RBF_SVM,42,2,0.6856368563685636,0.7713414634146342,0.7259684361549498,328.0
RBF_SVM,42,3,0.7577160493827161,0.8568935427574171,0.8042588042588042,573.0
RBF_SVM,42,4,0.8756868131868132,0.8054327226784587,0.8390918065153011,1583.0
RBF_SVM,42,5,0.8613963039014374,0.8605128205128205,0.8609543355566958,975.0
RBF_SVM,42,6,0.4117647058823529,0.4375,0.42424242424242425,16.0
RBF_SVM,42,7,0.6666666666666666,0.7115384615384616,0.6883720930232559,104.0
RBF_SVM,42,8,0.6929824561403509,0.6991150442477876,0.6960352422907489,113.0
RBF_SVM,43,0,0.8471337579617835,0.8704188481675392,0.8586184635248547,764.0
RBF_SVM,43,1,0.788235294117647,0.7733473242392445,0.7807203389830508,953.0
RBF_SVM,43,2,0.6856368563685636,0.7713414634146342,0.7259684361549498,328.0
RBF_SVM,43,3,0.7577160493827161,0.8568935427574171,0.8042588042588042,573.0
RBF_SVM,43,4,0.8756868131868132,0.8054327226784587,0.8390918065153011,1583.0
RBF_SVM,43,5,0.8613963039014374,0.8605128205128205,0.8609543355566958,975.0
RBF_SVM,43,6,0.4117647058823529,0.4375,0.42424242424242425,16.0
RBF_SVM,43,7,0.6666666666666666,0.7115384615384616,0.6883720930232559,104.0
RBF_SVM,43,8,0.6929824561403509,0.6991150442477876,0.6960352422907489,113.0
RBF_SVM,44,0,0.8471337579617835,0.8704188481675392,0.8586184635248547,764.0
RBF_SVM,44,1,0.788235294117647,0.7733473242392445,0.7807203389830508,953.0
RBF_SVM,44,2,0.6856368563685636,0.7713414634146342,0.7259684361549498,328.0
RBF_SVM,44,3,0.7577160493827161,0.8568935427574171,0.8042588042588042,573.0
RBF_SVM,44,4,0.8756868131868132,0.8054327226784587,0.8390918065153011,1583.0
RBF_SVM,44,5,0.8613963039014374,0.8605128205128205,0.8609543355566958,975.0
RBF_SVM,44,6,0.4117647058823529,0.4375,0.42424242424242425,16.0
RBF_SVM,44,7,0.6666666666666666,0.7115384615384616,0.6883720930232559,104.0
RBF_SVM,44,8,0.6929824561403509,0.6991150442477876,0.6960352422907489,113.0
RandomForest,42,0,0.7954144620811288,0.5903141361256544,0.6776859504132231,764.0
RandomForest,42,1,0.5833333333333334,0.6537250786988458,0.6165264720435428,953.0
RandomForest,42,2,0.7251908396946565,0.2896341463414634,0.4139433551198257,328.0
RandomForest,42,3,0.7552447552447552,0.3769633507853403,0.5029103608847497,573.0
RandomForest,42,4,0.5543307086614173,0.8894504106127605,0.6829978171234538,1583.0
RandomForest,42,5,0.7295423023578363,0.5394871794871795,0.6202830188679245,975.0
RandomForest,42,6,0.5,0.0625,0.1111111111111111,16.0
RandomForest,42,7,0.6461538461538462,0.40384615384615385,0.4970414201183432,104.0
RandomForest,42,8,0.8620689655172413,0.22123893805309736,0.352112676056338,113.0
RandomForest,43,0,0.818348623853211,0.5837696335078534,0.6814362108479756,764.0
RandomForest,43,1,0.5940685820203893,0.6726128016789087,0.6309055118110236,953.0
RandomForest,43,2,0.7165354330708661,0.2774390243902439,0.4,328.0
RandomForest,43,3,0.738562091503268,0.3944153577661431,0.5142207053469852,573.0
RandomForest,43,4,0.56,0.8932406822488945,0.688412852969815,1583.0
RandomForest,43,5,0.7367706919945726,0.556923076923077,0.6343457943925234,975.0
RandomForest,43,6,0.0,0.0,0.0,16.0
RandomForest,43,7,0.6461538461538462,0.40384615384615385,0.4970414201183432,104.0
RandomForest,43,8,0.7916666666666666,0.168141592920354,0.2773722627737226,113.0
RandomForest,44,0,0.802158273381295,0.5837696335078534,0.6757575757575758,764.0
RandomForest,44,1,0.5996326905417815,0.6852046169989506,0.6395690499510284,953.0
RandomForest,44,2,0.7804878048780488,0.2926829268292683,0.42572062084257206,328.0
RandomForest,44,3,0.7588652482269503,0.37347294938917974,0.5005847953216375,573.0
RandomForest,44,4,0.5538827258320127,0.883133291219204,0.6807888970051132,1583.0
RandomForest,44,5,0.728494623655914,0.5558974358974359,0.6305991855730075,975.0
RandomForest,44,6,0.3333333333333333,0.0625,0.10526315789473684,16.0
RandomForest,44,7,0.6290322580645161,0.375,0.46987951807228917,104.0
RandomForest,44,8,0.8461538461538461,0.19469026548672566,0.31654676258992803,113.0
SupCon,42,0,0.8926701570680629,0.8926701570680629,0.8926701570680629,764.0
SupCon,42,1,0.8275499474237644,0.825813221406086,0.8266806722689075,953.0
SupCon,42,2,0.7411444141689373,0.8292682926829268,0.7827338129496403,328.0
SupCon,42,3,0.7784615384615384,0.8830715532286213,0.8274734260016353,573.0
SupCon,42,4,0.8993103448275862,0.8237523689197725,0.859874711506759,1583.0
SupCon,42,5,0.8945686900958466,0.8615384615384616,0.877742946708464,975.0
SupCon,42,6,0.4666666666666667,0.875,0.6086956521739131,16.0
SupCon,42,7,0.6418918918918919,0.9134615384615384,0.753968253968254,104.0
SupCon,42,8,0.8,0.7787610619469026,0.7892376681614349,113.0
SupCon,43,0,0.8950201884253028,0.8704188481675392,0.8825481088254811,764.0
SupCon,43,1,0.8226495726495726,0.8079748163693599,0.8152461619904712,953.0
SupCon,43,2,0.6852300242130751,0.8628048780487805,0.7638326585695007,328.0
SupCon,43,3,0.7904761904761904,0.8691099476439791,0.827930174563591,573.0
SupCon,43,4,0.8946648426812586,0.8262792166771952,0.8591133004926108,1583.0
SupCon,43,5,0.8869936034115139,0.8533333333333334,0.8698379508625196,975.0
SupCon,43,6,0.4838709677419355,0.9375,0.6382978723404256,16.0
SupCon,43,7,0.6556291390728477,0.9519230769230769,0.7764705882352941,104.0
SupCon,43,8,0.8380952380952381,0.7787610619469026,0.8073394495412844,113.0
SupCon,44,0,0.8844621513944223,0.8717277486910995,0.8780487804878049,764.0
SupCon,44,1,0.8128964059196617,0.8069254984260231,0.8098999473407056,953.0
SupCon,44,2,0.7478753541076487,0.8048780487804879,0.775330396475771,328.0
SupCon,44,3,0.8228476821192053,0.8673647469458988,0.8445199660152931,573.0
SupCon,44,4,0.8913934426229508,0.8243840808591283,0.8565802428618313,1583.0
SupCon,44,5,0.8687690742624619,0.8758974358974358,0.8723186925434117,975.0
SupCon,44,6,0.5714285714285714,0.75,0.6486486486486487,16.0
SupCon,44,7,0.625,0.9134615384615384,0.7421875,104.0
SupCon,44,8,0.7293233082706767,0.8584070796460177,0.7886178861788617,113.0
XGBoost,42,0,0.829817158931083,0.7722513089005235,0.8,764.0
XGBoost,42,1,0.7263581488933601,0.757607555089192,0.7416538263995891,953.0
XGBoost,42,2,0.6888888888888889,0.6615853658536586,0.6749611197511665,328.0
XGBoost,42,3,0.7215619694397284,0.7417102966841187,0.7314974182444062,573.0
XGBoost,42,4,0.7935691318327974,0.7795325331648768,0.7864882090503506,1583.0
XGBoost,42,5,0.7873392680514342,0.8164102564102564,0.8016112789526687,975.0
XGBoost,42,6,0.5714285714285714,0.25,0.34782608695652173,16.0
XGBoost,42,7,0.5483870967741935,0.6538461538461539,0.5964912280701754,104.0
XGBoost,42,8,0.6699029126213593,0.6106194690265486,0.6388888888888888,113.0
XGBoost,43,0,0.8405172413793104,0.7657068062827225,0.8013698630136986,764.0
XGBoost,43,1,0.721608040201005,0.7534102833158447,0.7371663244353183,953.0
XGBoost,43,2,0.6832298136645962,0.6707317073170732,0.676923076923077,328.0
XGBoost,43,3,0.7313691507798961,0.7364746945898778,0.7339130434782609,573.0
XGBoost,43,4,0.783596214511041,0.784586228679722,0.7840909090909091,1583.0
XGBoost,43,5,0.7868525896414342,0.8102564102564103,0.7983830217281456,975.0
XGBoost,43,6,0.8,0.25,0.38095238095238093,16.0
XGBoost,43,7,0.544,0.6538461538461539,0.5938864628820961,104.0
XGBoost,43,8,0.66,0.584070796460177,0.6197183098591549,113.0
XGBoost,44,0,0.8242677824267782,0.7735602094240838,0.7981093855503039,764.0
XGBoost,44,1,0.7222222222222222,0.7502623294858342,0.7359752959341225,953.0
XGBoost,44,2,0.7012987012987013,0.6585365853658537,0.6792452830188679,328.0
XGBoost,44,3,0.7237288135593221,0.7452006980802792,0.7343078245915735,573.0
XGBoost,44,4,0.7917205692108668,0.7732154137713203,0.7823585810162992,1583.0
XGBoost,44,5,0.7803692905733722,0.8235897435897436,0.8013972055888223,975.0
XGBoost,44,6,0.5,0.1875,0.2727272727272727,16.0
XGBoost,44,7,0.536,0.6442307692307693,0.5851528384279476,104.0
XGBoost,44,8,0.673469387755102,0.584070796460177,0.6255924170616114,113.0
