algorithm,seed,final_regret,avg_reward_last100,optimal_rate,action_dist,seconds
epsilon_greedy,42,359.53271067828405,0.35643175600065957,0.211,"[0.048, 0.02, 0.782, 0.15]",0.0
epsilon_greedy,43,281.56828053553835,0.34386977743424046,0.378,"[0.023, 0.027, 0.62, 0.33]",0.0
epsilon_greedy,44,310.4504329170537,0.3096741705684889,0.329,"[0.074, 0.06, 0.201, 0.665]",0.0
linucb,42,44.95709790477745,0.8314347219792754,0.912,"[0.214, 0.1, 0.309, 0.377]",0.0
linucb,43,48.20604357501266,0.8217668458268309,0.912,"[0.208, 0.101, 0.305, 0.386]",0.0
linucb,44,56.57411552475304,0.805905494741592,0.898,"[0.202, 0.103, 0.312, 0.383]",0.0
thompson,42,170.4881429593526,0.7637577126632192,0.647,"[0.212, 0.156, 0.316, 0.316]",0.2
thompson,43,159.6021389723493,0.7492209198047955,0.668,"[0.218, 0.137, 0.314, 0.331]",0.2
thompson,44,180.29396479779655,0.7007847456986924,0.625,"[0.23, 0.158, 0.28, 0.332]",0.2
neuralucb,42,384.34192882163643,0.3646628748462657,0.207,"[1.0, 0.0, 0.0, 0.0]",49.6
neuralucb,43,278.3816053923217,0.3352599081771024,0.4,"[0.0, 0.0, 0.0, 1.0]",49.1
neuralucb,44,323.49353584481713,0.7763053769957012,0.3,"[0.0, 0.0, 1.0, 0.0]",49.7
