epsilon_greedy,linucb,thompson,neuralucb
0.35098575409663024,0.35098575409663024,0.35098575409663024,0.35098575409663024
0.8924650444479857,0.8924650444479857,0.2924650444479857,0.8924650444479857
1.198158483017778,0.6924650444479857,0.598158483017778,1.198158483017778
1.2412495260953706,0.7355560875255782,0.398158483017778,1.2412495260953706
1.8114955385123714,0.705802099942579,0.9684044954347788,1.8114955385123714
2.3817366255971257,1.2760431870273332,1.5386455825195329,2.3817366255971257
2.4079727809449083,1.0760431870273333,1.5648817378673154,2.4079727809449083
2.6777423621990355,0.8760431870273333,1.8346513191214429,2.6777423621990355
3.318584677979521,0.9168855028078189,2.4754936349019285,3.318584677979521
3.655816664903732,0.7168855028078189,2.2754936349019284,3.655816664903732
4.29484197274747,1.3559108106515576,2.314518942745667,4.29484197274747
4.934560898818547,1.3956297367226347,2.954237868816744,4.934560898818547
5.361972217348737,1.2230410552528244,3.381649187346934,5.361972217348737
6.161972217348737,1.6970251286501639,4.181649187346934,6.161972217348737
6.961972217348737,2.497025128650164,4.599124537100844,6.961972217348737
7.630658476121028,2.565711387422456,5.267810795873135,7.630658476121028
8.430658476121028,3.365711387422456,5.471660131973462,8.430658476121028
8.836384276342446,3.171437187643874,5.27738593219488,8.836384276342446
9.60879149899881,3.343844410300237,5.4497931548512435,9.60879149899881
10.408791498998811,3.6675355207008247,5.773484265251831,10.408791498998811
10.469096868322344,3.4675355207008245,5.833789634575365,10.469096868322344
11.036829758468304,3.4352684108467852,6.401522524721326,11.036829758468304
11.516571297061928,3.315009949440408,6.881264063314949,11.516571297061928
12.316571297061929,3.642434405304445,7.208688519178986,12.316571297061929
12.979886114419484,3.705749222662,7.272003336536541,12.979886114419484
13.446609337506525,3.57247244574904,7.738726559623581,13.446609337506525
14.246609337506525,3.817770518975731,8.538726559623582,14.246609337506525
14.633899932002823,3.617770518975731,8.92601715411988,14.633899932002823
14.714091538978465,3.6979621259513724,9.006208761095522,15.314091538978465
14.701599663916449,3.6854702508893555,8.993716886033505,15.901599663916448
14.782111647585268,3.765982234558175,9.674228869702324,16.58211164758527
14.726428192232586,3.5659822345581746,9.474228869702324,16.526428192232586
14.630477359653966,3.470031401979555,9.978278037123705,17.03047735965397
14.847790638340737,3.687344680666325,10.778278037123705,17.83047735965397
14.647790638340737,3.4873446806663253,11.031514563492749,18.083713886023013
15.447790638340738,3.753597775657632,11.297767658484055,18.883713886023013
15.28513155983931,3.590938697156205,11.135108579982628,19.321054807521588
15.773032597003244,4.0788397343201375,11.623009617146561,20.12105480752159
16.071488411672775,4.878839734320137,11.92146543181609,20.92105480752159
15.912430040912037,4.719781363559401,12.362407061055354,21.36199643676085
15.712430040912038,4.5197813635594,12.64086708705673,21.640456462762227
15.561019556555047,4.368370879202409,12.48945660269974,22.089045978405235
15.495714041271519,4.303065363918881,13.024151087416211,22.623740463121706
15.486045149948305,4.293396472595668,13.014482196092997,23.214071571798492
15.829601747058533,4.636953069705896,13.358038793203225,24.014071571798492
15.945555009576946,4.752906332224309,14.073992055721638,24.730024834316904
15.983746640864883,4.791097963512245,14.112183687009574,25.36821646560484
16.166609972999208,4.591097963512245,14.2950470191439,25.551079797739163
15.966609972999208,4.3910979635122445,14.0950470191439,25.947994310868626
16.395522019608027,4.820010010121065,14.52395906575272,26.747994310868627
16.198296828789587,4.622784819302626,14.926733874934282,27.15076912005019
16.213821512914482,4.638309503427521,14.942258559059177,27.766293804175085
16.31689811300627,4.741386103519308,15.045335159150964,28.469370404266872
16.116898113006272,4.541386103519308,15.361832272498704,28.785867517614612
15.916898113006273,4.341386103519308,15.161832272498705,28.976567660865825
15.716898113006273,4.141386103519308,15.382448236763846,29.197183625130965
15.868663369973065,4.2931513604861,15.534213493730638,29.948948882097756
15.86142708272843,4.285915073241464,15.526977206486002,30.54171259485312
15.66204805330736,4.086536043820395,15.927598177064933,30.94233356543205
15.462048053307361,3.886536043820395,16.134934638928225,31.149670027295343
15.505800324660948,3.930288315173982,16.778686910281813,31.79342229864893
15.461498017660093,3.885986008173127,16.734384603280958,32.349119991648074
15.6933985098619,4.117886500374936,16.966285095482768,33.14911999164807
15.952260497086101,4.376748487599137,17.76628509548277,33.94911999164807
15.752260497086102,4.176748487599137,17.56628509548277,34.20536224492981
15.845388488514855,3.976748487599137,17.36628509548277,34.29849023635856
15.766991524988955,3.898351524073237,17.28788813195687,34.82009327283266
15.566991524988955,3.698351524073237,17.08788813195687,35.01903340346505
15.366991524988956,3.498351524073237,16.88788813195687,35.41054259595076
15.460527451370494,3.591887450454774,17.581424058338406,36.104078522332294
15.260527451370494,3.3918874504547745,17.973005376685883,36.49565984067977
15.060527451370495,3.1918874504547743,17.773005376685884,36.53424887073998
14.97127526310348,3.1026352621877598,18.28375318841887,37.04499668247296
14.771275263103481,2.9026352621877596,18.08375318841887,37.075603585728764
15.457198794330404,3.5885587934146828,18.769676719645794,37.87560358572876
15.257198794330405,3.388558793414683,19.023105968333226,38.12903283441619
15.131084673858954,3.2624446729432317,19.496991847861775,38.60291871394474
15.120786878998715,3.252146878082992,19.486694053001536,39.1926209190845
14.993258646038065,3.124618645122341,19.959165820040884,39.66509268612385
15.489529320418333,3.6208893195026093,20.45543649442115,40.465092686123846
15.455430886769587,3.586790885853863,20.421338060772403,41.0309942524751
15.255430886769588,3.3867908858538627,20.81420428931888,41.42386048102157
15.055430886769589,3.1867908858538625,20.61420428931888,41.48049226759912
15.110911952251683,3.242271951335957,20.669685354800976,42.13597333308121
15.253460033119639,3.384820032203913,20.812233435668933,42.878521413949166
15.303987146195,3.4353471452792737,20.862760548744294,43.52904852702453
15.103987146195001,3.235347145279274,20.662760548744295,43.75442789171391
14.905361813297096,3.0367218123813684,20.46413521584639,44.155802558816006
14.964289874427209,3.09564987351148,20.5230632769765,44.81473061994612
14.76428987442721,2.8956498735114797,20.3230632769765,45.16075039001211
14.635166609622797,2.7665266087070677,20.79394001217209,45.6316271252077
14.435166609622797,2.5665266087070675,21.003346515012222,45.84103362804783
14.545782537786003,2.6771425368702735,21.113962443175428,46.55164955621104
15.144081181765333,2.675441180849604,21.112261087154756,47.14994820019037
15.16171362770498,2.693073626789251,21.729893533094405,47.76758064613002
15.500768112144616,3.0321281112288867,22.529893533094405,48.56758064613002
15.311932029025243,2.8432920281095138,22.341057449975033,48.97874456301064
15.133615447371277,2.664975446455547,22.162740868321066,49.40042798135668
15.032081410378538,2.5634414094628086,22.061206831328327,49.89889394436394
15.002457550391082,2.5338175494753528,22.631582971340872,50.46927008437648
15.802457550391082,3.333817549475353,23.431582971340873,50.89388130699161
16.42865114722069,3.9600111463049608,24.057776568170482,51.02007490382122
17.031465502178722,4.062825501262991,24.660590923128513,51.122889258779246
17.772148682945208,4.803508682029477,25.401274103895,51.363572439545734
18.32053439644501,4.85189439552928,25.4496598173948,51.41195815304554
18.699319139400647,4.730679138484919,25.828444560350437,51.29074289600118
18.633463369037486,4.530679138484919,25.762588789987277,51.090742896001174
19.081090025187933,4.478305794635367,26.210215446137724,51.03836955215162
19.503824907971104,4.401040677418538,26.632950328920895,50.96110443493479
20.026158682700956,4.423374452148388,27.155284103650747,50.98343820966464
20.826158682700957,4.999005816738101,27.730915468240457,51.55906957425435
21.33411284533572,5.006959979372866,28.23886963087522,51.56702373688912
21.816043782353415,4.988890916390558,28.720800567892915,51.54895467390681
21.616043782353415,4.7888909163905575,28.520800567892916,51.34895467390681
22.173752071787753,5.346599205824894,29.078508857327254,51.40666296334115
22.58328786908767,5.256135003124811,29.48804465462717,51.316198760641065
23.093701399999244,5.266548534036384,29.998458185538745,51.326612291552635
23.893701399999244,5.617151945322243,30.349061596824605,51.677215702838495
24.05085455564474,5.774305100967737,30.5062147524701,51.47721570283849
24.325274645838707,6.048725191161705,30.780634842664067,51.27721570283849
24.125274645838708,6.311415607048791,31.043325258551153,51.07721570283849
24.89809088227713,6.5842318434872125,31.816141494989576,51.35003193927691
24.9772525889963,6.384231843487212,31.895303201708746,51.15003193927691
25.7772525889963,6.804787162324897,32.31585852054643,51.57058725811459
26.10119546085622,6.628730034184816,32.63980139240635,51.39453012997451
25.944058773113227,6.428730034184816,32.48266470466336,51.19453012997451
26.741219670652434,6.725890931724022,32.779825602202564,51.49169102751372
27.411108989533265,7.395780250604854,33.4497149210834,51.66158034639455
27.88121358000697,7.865884841078561,33.91981951155711,51.63168493686826
28.53225627624183,8.016927537313421,34.57086220779197,51.78272763310312
29.332256276241832,8.48212656663326,35.03606123711181,52.24792666242296
29.811687383800024,8.461557674191452,35.01549234467,52.227357769981154
30.611687383800025,8.780248788309283,35.334183458787834,52.54604888409899
30.96960965460947,8.63817105911873,35.69210572959728,52.40397115490843
31.745436924879613,8.913998329388871,35.96793299986742,52.679798425178575
31.78045660337435,8.713998329388872,35.76793299986742,52.47979842517857
32.515432591075225,8.948974317089743,36.50290898756829,52.71477441287944
33.11205104593693,9.545592771951446,36.599527442429995,52.81139286774115
32.91205104593693,9.345592771951447,36.85547227721909,52.611392867741145
33.712051045936924,9.714852066881633,37.65547227721909,52.98065216267133
34.14381306555568,9.646614086500394,37.58723429683785,52.91241418229009
34.25167023927096,9.446614086500395,37.69509147055312,52.71241418229009
35.051670239270955,9.928859056868763,38.17733644092149,53.19465915265846
35.49628008171126,9.873468899309072,38.1219462833618,53.13926899509877
35.91831524343674,9.795504061034546,38.543981445087276,53.06130415682424
36.18376838190355,9.595504061034546,38.809434583554086,52.86130415682424
36.983768381903545,9.96658927429797,39.180519796817514,53.23238937008767
37.78376838190354,10.362726258223253,39.98051979681751,53.62852635401295
38.12718591221847,10.206143788538183,39.82393732713244,53.47194388432788
38.538090510248516,10.617048386568227,40.234841925162485,53.38284848235792
38.96294265514475,10.541900531464464,40.15969407005872,53.30770062725416
39.35900819229566,10.43796606861537,40.05575960720963,53.20376616440507
40.063015608769206,10.641973485088918,40.759767023683175,53.40777358087861
40.4933394996209,10.572297375940618,40.69009091453487,53.33809747173031
40.9054177576313,10.484375633951014,40.60216917254527,53.250175729740704
41.619723183039206,10.698681059358925,40.816474597953174,53.46448115514861
41.4197231830392,10.498681059358926,40.61647459795317,53.26448115514861
41.77757330676567,10.35653118308539,40.474324721679636,53.12233127887507
42.577573306765665,10.713922232246185,41.27432472167963,53.47972232803587
42.88060722417551,10.516956149656036,41.57735863908948,53.28275624544572
43.67301172524371,10.809360650724232,42.36976314015768,53.575160746513916
43.93688634412098,10.609360650724232,42.16976314015768,53.37516074651391
44.089307670418755,10.409360650724233,41.969763140157674,53.17516074651391
44.83551236592427,10.655565346229746,42.715967835663186,53.42136544201942
45.04649952715097,10.455565346229747,42.92695499688989,53.22136544201942
45.42266524907002,10.331731068148798,42.80312071880894,53.09753116393847
45.22266524907002,10.131731068148799,42.60312071880894,52.89753116393847
45.15362735427384,9.9317310681488,42.403120718808935,52.697531163938464
45.7272437890747,10.005347502949661,42.4767371536098,52.771147598739326
46.45336463838195,10.231468352256908,42.70285800291705,52.997268448046576
47.2202189672696,10.498322681144565,42.9697123318047,53.26412277693423
47.96496205275923,10.743065766634196,43.21445541729433,53.50886586242386
48.488092565583464,10.766196279458427,43.73758593011856,53.53199637524809
48.885746973138474,10.663850687013435,43.63524033767357,53.4296507828031
49.30273973333947,10.580843447214429,43.55223309787457,53.3466435430041
49.554584758628664,10.38084344721443,43.35223309787457,53.146643543004096
50.050684191065294,10.376942879651057,43.3483325303112,53.142742975440726
50.1146239679181,10.176942879651058,43.148332530311194,52.94274297544072
50.69402101788948,10.256339929622445,43.22772958028258,53.02214002541211
50.49402101788948,10.056339929622446,43.027729580282575,52.822140025412104
50.80632081355998,9.868639725292944,43.34002937595307,52.6344398210826
51.56346808048486,10.12578699221783,43.597176642877955,52.89158708800748
52.36346808048486,10.447054741636164,44.39717664287795,53.212854837425816
52.718726355911905,10.302313017063208,44.752434918305,53.06811311285286
53.28576519150966,10.369351852660962,44.819473753902756,53.13515194845062
53.571565043282035,10.169351852660963,44.61947375390275,52.93515194845062
53.92959375590997,10.0273805652889,44.97750246653069,52.79318066107855
54.45144242970703,10.04922923908596,44.99935114032775,52.81502933487561
55.20548054512755,10.303267354506481,45.25338925574827,53.06906745029613
56.00548054512755,10.75772152191224,45.707843423154024,53.52352161770189
56.639435030747656,10.891676007532347,45.84179790877413,53.657476103322
56.882515392450614,10.691676007532347,45.64179790877413,53.457476103321994
57.31828726921155,10.627447884293286,46.07756978553507,53.39324798008293
58.11828726921155,11.001169517906883,46.877569785535066,53.76696961369653
58.56633299145619,10.949215240151528,47.32561550777971,53.715015335941175
58.95073777753754,10.833620026232877,47.21002029386106,53.59942012202252
59.71589500839788,11.098777257093216,47.475177524721396,53.86457735288286
60.16977747661422,11.052659725309558,47.42905999293774,53.818459821099204
60.65231486108042,11.035197109775758,47.411597377403936,53.8009972055654
61.45231486108042,11.378088199124946,47.75448846675312,54.14388829491459
61.84497865297593,11.770751991020461,48.14715225864864,54.536552086810104
62.176743295065464,12.10251663310999,47.97891690073817,54.868316728899636
62.35182792211288,11.902516633109991,48.15400152778559,55.043401355947054
62.53568730650241,11.702516633109992,47.954001527785586,55.22726074033658
63.33568730650241,12.11581744349712,48.36730233817271,56.02726074033658
64.11703481847694,12.897164955471657,49.14864985014725,56.80860825231112
64.46252423831434,13.24265437530906,49.49413926998465,57.15409767214852
64.80838845304068,13.588518590035397,49.84000348471099,57.49996188687486
65.15387414714887,13.434004284143583,49.685489178819175,57.84544758098304
64.95387414714887,13.234004284143584,49.48548917881917,57.64544758098304
65.28260699394092,13.062737130935634,49.31422202561122,57.97418042777509
65.44193730188674,12.862737130935635,49.473552333557045,58.13351073572091
65.65573677283878,12.662737130935636,49.687351804509085,58.34731020667295
65.96031939744704,12.467319755543896,49.49193442911734,58.65189283128121
66.55490017083915,12.561900528935999,50.086515202509446,59.24647360467331
66.82720940469116,12.361900528936,49.88651520250944,59.51878283852533
67.55905696905243,12.59374809329727,50.61836276687072,60.25063040288661
68.13010255107444,12.664793675319272,51.18940834889272,60.82167598490861
68.77571161542318,12.810402739668003,51.83501741324145,61.46728504925734
69.25114937360728,12.785840497852107,52.31045517142555,61.94272280744144
69.05675180360522,12.585840497852107,52.1160576014235,61.74832523743939
69.85675180360522,13.146020055629632,52.916057601423496,62.548325237439386
70.15087374649286,13.440141998517278,52.71605760142349,62.842447180327035
70.95087374649286,13.923956759874175,53.51605760142349,63.64244718032703
71.59245330622969,14.565536319611004,54.157637161160324,64.28402674006387
71.76576812713948,14.365536319611005,53.95763716116032,64.45734156097366
72.24648412141084,14.346252313882365,53.938353155431685,64.93805755524502
73.04648412141084,14.669575747261158,54.73835315543168,65.73805755524502
73.26107523418884,14.884166860039148,55.45294426820967,66.45264866802302
73.55719590950844,15.180287535358746,55.25294426820967,66.74876934334262
74.27630589902358,15.399397524873887,55.47205425772481,67.46787933285776
74.71136832214899,15.334459947999294,55.407116680850216,67.90294175598316
75.19769677017784,15.32078839602815,55.39344512887907,68.38927020401202
75.39317687445958,15.516268500309895,56.088925233160815,69.08475030829376
75.24999364766198,15.316268500309896,55.88892523316081,68.94156708149616
75.55981794096658,15.126092793614493,55.698749526465406,69.25139137480076
76.35981794096658,15.733635569611776,56.4987495264654,70.05139137480076
76.80388164653576,16.17769927518095,56.442813232034574,70.49545508036994
77.50241758596627,16.376235214611466,57.14134917146509,71.19399101980045
77.7466875855274,16.176235214611467,57.38561917102622,71.43826101936158
78.4844438070572,16.413991436141277,57.62337539255603,72.17601724089138
79.01886473949727,16.448412368581348,57.6577963249961,72.71043817333145
79.36736855580314,16.29691618488721,57.50630014130196,73.05894198963732
79.60764199755211,16.09691618488721,57.746573583050925,73.29921543138629
80.4076419975521,16.457005107003944,58.106662505167655,74.09921543138628
81.00799236830439,16.55735547775623,58.207012875919936,74.69956580213857
81.65047596165267,16.699839071104517,58.349496469268225,75.34204939548685
81.84647473142479,16.89583784087663,58.545495239040335,76.03804816525897
81.81683845934046,16.69583784087663,58.34549523904033,76.00841189317464
82.19534394605218,16.574343327588345,58.22400072575205,76.38691737988636
82.99534394605217,16.95260851388886,58.60226591205256,77.18691737988635
83.21998536193574,16.75260851388886,58.82690732793613,77.41155879576992
83.08333850283195,16.55260851388886,58.626907327936124,77.27491193666613
83.2735989246666,16.35260851388886,58.42690732793612,77.46517235850078
84.0735989246666,16.808419503675065,58.88271831772232,78.26517235850078
84.71886914652647,16.95368972553494,59.527988539582196,78.91044258036065
84.83879580177049,16.75368972553494,59.32798853958219,79.03036923560467
85.55109664145613,16.965990565220576,59.540289379267826,79.7426700752903
85.91795081301225,16.832844736776707,59.90714355082396,80.10952424684643
86.18556059698345,16.632844736776708,60.174753334795156,80.37713403081763
86.96363973845688,16.91092387825013,60.45283247626858,81.15521317229106
87.48149734527541,17.428781485068672,60.97069008308712,81.6730707791096
88.28149734527541,18.228781485068673,61.77069008308712,82.47307077910959
89.08149734527541,18.53609777746896,62.078006375487405,83.27307077910959
89.65726779069335,18.61186822288691,62.15377682090535,83.84884122452753
90.45726779069335,19.41186822288691,62.52811177549481,84.64884122452753
90.46754439951386,19.21186822288691,62.328111775494804,84.65911783334803
91.26754439951385,19.6409106362751,63.1281117754948,85.45911783334803
91.89955774552294,19.772923982284194,63.7601251215039,86.09113117935712
92.3603355723371,19.733701809098367,63.72090294831807,86.55190900617129
92.42795358561727,19.533701809098368,63.52090294831807,86.61952701945145
93.22795358561727,19.9644604544522,63.9516615936719,87.41952701945145
93.37900445997079,19.764460454452202,63.7516615936719,87.57057789380497
93.8759345416649,19.761390536146326,63.74859167536602,88.06750797549908
94.67038713697929,20.555843131460712,64.54304427068041,88.86196057081347
95.0317560947003,20.41721208918173,64.40441322840142,89.22332952853448
95.47203818602826,20.35749418050969,64.34469531972938,89.66361161986244
96.1521032491759,20.537559243657327,64.52476038287702,90.34367668301007
96.63116262367889,20.516618618160322,64.50381975738001,90.82273605751307
97.24675670273741,20.63221269721885,64.61941383643854,91.4383301365716
97.71270149916204,20.598157493643477,64.58535863286316,91.90427493299622
98.01406229680572,20.399518291287162,64.38671943050684,92.2056357306399
98.03825725196211,20.199518291287163,64.18671943050684,92.22983068579629
98.8382572519621,20.570862940935218,64.55806408015489,93.02983068579628
98.69834723956522,20.37086294093522,64.35806408015489,92.8899206733994
99.49834723956522,20.95648928079197,65.15806408015489,93.6899206733994
100.04388276807589,21.002024809302647,65.20359960866556,94.23545620191007
100.36738760613052,20.825529647357275,65.02710444672019,94.5589610399647
100.78309004581001,20.741232087036764,64.94280688639968,94.97466347964419
101.4698999017562,20.928041942982944,65.12961674234586,95.66147333559037
102.03233657686337,20.990478618090126,65.19205341745304,96.22391001069755
102.68023685726102,21.138378898487776,65.33995369785069,96.8718102910952
103.35704628434429,21.31518832557104,65.51676312493396,97.54861971817847
103.15704628434429,21.11518832557104,65.31676312493396,97.79373908907216
103.54994163855477,21.008083679781524,65.20965847914444,98.18663444328264
104.25781451713297,21.21595655835972,65.41753135772264,98.89450732186084
104.487934554503,21.015956558359722,65.21753135772263,99.12462735923087
104.89574469824002,20.92376670209674,65.12534150145966,99.5324375029679
105.15188606258833,20.72376670209674,64.92534150145966,99.7885788673162
105.46299741001125,20.534878049519655,64.73645284888258,100.09969021473913
105.61169591328787,21.283576552796276,65.4851513521592,100.84838871801576
105.67975022534696,21.351630864855366,66.15320566421829,101.51644303007484
105.47975022534696,21.627442783318386,66.42901758268131,101.79225494853786
105.27975022534696,21.427442783318387,66.74590650305127,102.10914386890782
105.1860207035362,21.333713261507633,67.25217698124052,102.61541434709707
105.05082248854356,21.198515046515,67.11697876624788,103.08021613210444
104.85082248854356,21.31521557777847,66.91697876624788,103.19691666336792
104.92829390519431,21.39268699442922,67.59445018289863,103.87438808001866
104.7282939051943,21.72855778007821,67.39445018289862,104.21025886566765
104.68895170092448,21.689215575808376,67.3551079786288,104.77091666139782
104.65425606189264,22.254519936776543,67.92041233959696,105.33622102236599
104.45425606189264,22.054519936776543,68.0907792840008,105.50658796676983
104.25425606189263,21.854519936776544,68.3431543793044,105.75896306207342
104.05425606189263,21.654519936776545,68.14315437930439,106.01491017127323
103.85425606189263,21.454519936776546,67.94315437930439,106.12326652912694
103.7479549094028,21.34821878428672,68.43685322681456,106.61696537663711
104.0433690180143,21.14821878428672,68.23685322681456,106.91237948524862
104.03644904499234,21.141298811264758,68.2299332537926,107.50545951222666
104.4391991392458,20.944048905518226,68.03268334804606,107.90820960648013
104.3782420555561,20.883091821828533,68.57172626435637,108.44725252279044
104.24914326605828,20.75399303233072,68.44262747485855,108.91815373329263
104.57059615842721,20.55399303233072,68.24262747485855,109.23960662566155
104.71606236339724,20.69945923730076,68.9880936798286,109.9850728306316
104.51606236339724,20.499459237300762,68.78809367982859,109.85735664792595
104.71786757784714,20.701264451750674,69.58809367982859,110.65735664792595
104.98212416168346,20.965521035586995,69.8523502636649,111.45735664792595
104.78212416168346,21.118087773536974,69.6523502636649,111.60992338587593
104.58212416168345,20.918087773536975,69.4523502636649,111.87242457768706
104.38212416168345,20.718087773536976,69.2523502636649,112.18518863257141
104.18212416168345,20.518087773536976,69.05235026366489,112.49668497979212
104.08579819353753,20.42176180539105,68.95602429551897,113.0003590116462
104.25497450498328,20.5909381168368,69.12520060696473,113.76953532309194
104.13223313752516,20.46819674937868,69.0024592395066,114.24679395563382
104.2353816509788,20.571345262832313,69.10560775296024,114.94994246908745
104.03538165097879,20.371345262832314,68.90560775296024,115.15740654906212
103.97949886542943,20.315462477282956,69.44972496741087,115.70152376351275
104.12714802446719,20.46311163632071,70.19737412644862,116.4491729225505
104.12356377696308,20.45952738881661,70.19378987894451,117.0455886750464
103.92356377696308,20.83564795253392,70.56991044266182,117.42170923876371
103.99268114280427,21.504765318375114,70.63902780850302,118.0908266046049
104.1393472614742,21.651431437045044,70.78569392717294,118.83749272327483
103.96624109802663,21.47832527359747,70.61258776372537,119.26438655982726
103.79275112669401,21.304835302264852,70.43909779239276,119.69089658849464
103.84483407930536,21.35691825487619,70.4911807450041,120.34297954110598
103.88614557099085,21.39822974656169,71.1324922366896,120.98429103279148
103.71653058978356,21.228614765354397,70.96287725548231,121.41467605158418
104.05095589223275,21.563040067803595,71.2973025579315,122.21467605158418
104.37319502454572,21.88527920011656,72.0973025579315,123.01467605158417
104.48872829092146,22.00081246649229,72.21283582430723,123.7302093179599
104.45276243643501,21.964846612005847,72.17686996982079,124.29424346347346
104.25949016675561,21.771574342326446,71.98359770014139,124.70097119379406
104.05949016675561,21.571574342326446,71.78359770014139,124.75836432870919
104.30219227979501,21.371574342326447,71.58359770014138,125.00106644174859
104.25017383878404,21.319555901315475,71.53157925913041,125.54904800073761
104.75587870115484,21.225260763686283,71.43728412150122,126.05475286310842
104.95663751054619,21.426019573077625,71.63804293089257,126.85475286310842
104.8621914513439,21.33157351387534,72.14359687169028,127.36030680390613
104.84878904301995,21.318171105551382,72.73019446336632,127.94690439558217
104.65197347491852,21.121355537449954,72.53337889526489,128.35008882748073
104.80014275798422,21.269524820515652,72.68154817833059,129.09825811054642
104.60014275798422,21.613720866243302,72.48154817833058,129.44245415627407
104.40014275798421,21.413720866243303,72.28154817833058,129.4826324823733
104.33277080252127,21.34634891078036,72.21417622286764,130.01526052691037
104.71225728589158,21.14634891078036,72.01417622286763,130.3947470102807
104.51225728589158,20.94634891078036,72.3071330253543,130.68770381276735
104.53262342745732,20.966715052346114,72.32749916692005,131.3080699543331
104.3653956829142,20.799487307802988,72.16027142237692,131.74084220978997
104.26161796267967,20.695709587568448,72.05649370214239,132.23706448955542
104.13231513311501,20.566406758003797,71.92719087257774,132.70776165999078
104.26421806827166,20.698309693160436,72.05909380773438,133.4396645951474
104.15686501599397,20.59095664088275,71.9517407554567,133.9323115428697
103.95686501599397,20.390956640882752,71.7517407554567,134.28291205549607
103.75686501599397,20.190956640882753,71.55174075545669,134.34756897315756
103.55686501599396,19.990956640882754,71.35174075545669,134.559787725332
103.35686501599396,19.790956640882754,71.15174075545669,134.41383298807852
103.48706928486038,19.92116090974917,71.8819450243231,135.14403725694493
103.28706928486038,19.72116090974917,72.1202488333069,135.38234106592873
103.13206668313887,19.566158308027664,71.9652462315854,135.82733846420723
102.93206668313887,19.366158308027664,71.7652462315854,135.67039758424193
103.07455616874542,19.50864779363421,72.50773571719193,136.41288706984847
103.22647272139965,19.660564346288442,72.65965226984616,137.1648036225027
103.30629051503286,19.74038213992165,73.33947006347937,137.8446214161359
103.8434592323258,20.277550857214592,73.87663878077231,138.64462141613592
103.90118573883002,20.33527736371882,73.93436528727653,139.30234792264014
104.02892553729613,21.06301716218493,74.06210508574264,140.03008772110624
103.88380740135327,20.91789902624207,73.91698694979978,140.48496958516338
104.28128060862012,20.71789902624207,73.71698694979978,140.88244279243023
104.08128060862012,20.51789902624207,73.51698694979977,140.81959154066547
103.88128060862012,20.31789902624207,73.31698694979977,141.03446438920966
103.95435170531884,20.390970122940793,73.3900580464985,141.70753548590838
104.12387610672334,20.5604945243453,73.559582447903,142.4770598873129
103.92387610672334,20.360494524345302,73.359582447903,142.82948413586095
104.21994606882953,20.656564486451494,73.65565241000918,143.62948413586096
104.17050843907322,20.456564486451494,73.45565241000918,143.58004650610465
103.97050843907321,20.256564486451495,73.25565241000918,143.72621446988828
104.01126113470463,20.297317182082907,73.29640510564059,144.3669671655197
104.42520149343189,20.71125754081017,73.71034546436785,145.1669671655197
104.22520149343188,20.51125754081017,73.51034546436784,145.26080545327008
104.15956344700767,20.445619494385955,73.44470741794363,145.79516740684588
103.95956344700767,20.245619494385956,73.24470741794363,145.92382251325384
104.75956344700766,21.045619494385956,73.72303571558194,146.40215081089215
105.4393759538938,21.72543200127209,74.40284822246808,146.58196331777827
105.93780284397835,21.723858891356635,74.90127511255263,146.58039020786282
106.42370866584892,21.709764713227212,75.3871809344232,146.5662960297334
107.0587283072927,22.344784354670985,76.02220057586698,146.70131567117716
107.37187332758845,22.157929374966734,75.83534559616272,146.51446069147292
108.17187332758844,22.478215503781513,76.63534559616272,146.8347468202877
108.71458717309483,22.5209293492879,76.6780594416691,146.8774606657941
109.17849848358125,22.48484065977433,77.14197075215553,146.84137197628053
109.52416683336362,22.330509009556707,76.9876391019379,146.6870403260629
109.81068236993696,22.130509009556707,77.27415463851123,146.48704032606292
110.14807499748832,22.467901637108067,78.07415463851123,146.8244329536143
110.94807499748832,22.928135888328754,78.53438888973191,147.284667204835
111.06477195091877,22.728135888328755,78.65108584316236,147.084667204835
111.46507774732488,22.628441684734877,78.55139163956848,146.98497300124112
112.18962370829185,22.852987645701845,78.77593760053544,147.20951896220808
112.22427811563509,22.652987645701845,78.81059200787868,147.0095189622081
112.68957572534723,22.618285255413987,79.27588961759082,146.97481657192023
112.83578657012808,22.418285255413988,79.42210046237167,146.77481657192024
113.31553102570504,22.398029710990954,79.90184491794864,146.7545610274972
113.19730664824044,22.198029710990955,79.78362054048404,146.55456102749721
113.17070439550749,21.998029710990956,79.58362054048403,146.35456102749723
113.7453936400512,22.07271895553468,80.15830978502775,146.42925027204095
113.9539223547649,21.87271895553468,80.36683849974145,146.22925027204096
114.26030956988936,21.679106170659136,80.17322571486591,146.03563748716542
114.34972010262965,21.479106170659136,79.9732257148659,145.83563748716543
115.13919714080367,21.768583208833167,80.26270275303993,146.12511452533946
115.43338170280414,21.568583208833168,80.5568873150404,145.92511452533947
115.61585435674927,21.36858320883317,80.73935996898553,145.72511452533948
116.41585435674926,21.896205054760102,81.53935996898552,146.25273637126642
117.21585435674926,22.696205054760103,82.33935996898552,146.60771392506615
118.01585435674926,23.496205054760104,83.13935996898552,147.21948357839418
118.59667640708263,23.57702710509347,83.72018201931888,147.30030562872756
118.88141373034384,23.37702710509347,83.52018201931888,147.10030562872757
118.93070661471504,23.177027105093472,83.32018201931888,146.90030562872758
119.4084781805891,23.15479867096754,83.79795358519294,146.87807719460164
119.41989351691771,22.95479867096754,83.59795358519294,146.67807719460166
120.21989351691771,23.36882910843201,84.0119840226574,147.09210763206613
121.0198935169177,23.879843840238557,84.52299875446394,147.60312236387267
121.53655782658669,23.896508149907543,84.53966306413292,147.61978667354165
121.9213381919049,23.78128851522575,84.92444342945113,147.50456703885988
122.43114661633312,23.79109693965398,84.93425185387936,147.5143754632881
123.23114661633312,24.41132956966594,85.55448448389133,148.13460809330007
123.25788262818696,24.438065581519776,85.58122049574517,148.16134410515392
124.05788262818696,24.82940643167123,85.97256134589662,148.55268495530538
124.35698086353794,24.62940643167123,86.2716595812476,148.3526849553054
124.74700138970888,24.519426957842178,86.16168010741855,148.24270548147635
125.52896532560709,24.801390893740386,86.44364404331675,148.52466941737455
126.1831254008081,25.455550968941395,87.09780411851776,148.67882949257557
126.50088945737478,25.77331502550808,87.89780411851775,148.99659354914226
127.01969318655674,25.79211875469003,87.91660784769971,149.0153972783242
127.23315049040636,25.59211875469003,88.13006515154933,148.8153972783242
128.02886830430703,25.887836568590693,88.92578296545,149.11111509222488
128.37765434965166,25.73662261393534,88.77456901079465,148.95990113756952
129.0367316351634,25.89569989944707,88.93364629630638,149.11897842308124
129.7745934848421,26.133561749125775,89.17150814598509,149.35684027275994
130.30670259282846,26.165670857112143,89.70361725397146,149.3889493807463
131.10670259282847,26.476243553837957,90.01418995069727,149.69952207747212
131.77279738443264,26.642338345442113,90.18028474230142,149.8656168690763
132.57279738443265,27.001701713218768,90.53964811007808,150.22498023685296
132.48337984455773,26.80170171321877,90.33964811007807,150.02498023685297
132.97280077896622,26.79112264762725,90.82906904448656,150.01440117126145
133.68271843136398,27.001040300025025,91.03898669688434,150.22431882365922
134.11852445814372,26.93684632680476,90.97479272366407,150.16012485043896
134.65222287305096,26.970544741712008,91.00849113857132,150.1938232653462
135.21851375291092,27.036835621571974,91.07478201843128,150.26011414520616
135.5342637428979,26.852585611558947,90.89053200841825,150.07586413519314
135.80701142988372,26.652585611558948,90.69053200841824,149.87586413519315
136.46616177416686,26.811735955842106,91.34968235270141,150.0350144794763
137.13890724636028,26.98448142803551,91.5224278248948,150.20775995166971
137.22142275550576,27.066996937181006,92.1049433340403,150.2902754608152
138.02142275550577,27.75757328660168,92.79551968346098,150.98085181023586
138.82142275550578,28.212130605261244,93.59551968346098,151.43540912889543
138.6214227555058,28.012130605261245,93.39551968346098,151.23540912889544
138.6279324414554,27.812130605261245,93.19551968346097,151.03540912889545
139.20264325332232,27.88684141712816,93.27023049532788,151.11011994076236
139.5296761644056,27.71387432821143,93.09726340641114,150.93715285184564
139.93630111804254,27.620499281848367,93.00388836004808,150.84377780548257
139.73630111804255,27.420499281848368,92.80388836004808,150.64377780548259
139.90042864461216,27.22049928184837,92.60388836004807,150.4437778054826
140.4388039220564,27.2588745592926,93.1422636374923,150.48215308292683
141.22546605423653,27.545536691472726,93.42892576967243,150.76881521510697
142.02546605423655,28.02747058755,93.9108596657497,151.25074911118423
142.46442696347637,27.96643149678983,93.84982057498954,151.18971002042406
143.19133218706168,28.19333672037512,94.07672579857483,151.41661524400934
143.9913321870617,28.620012833254425,94.87672579857482,151.84329135688864
144.68530405233446,28.813984698527182,95.07069766384758,152.0372632221614
145.48530405233447,29.138449099611503,95.3951620649319,152.36172762324574
145.4791615618127,28.938449099611503,95.19516206493189,152.16172762324575
145.71466963472787,28.738449099611504,94.99516206493189,151.96172762324576
146.21706142712284,28.74084089200649,94.99755385732688,151.96411941564074
146.27307818545583,28.54084089200649,94.79755385732688,151.76411941564075
146.74986769316155,28.517630399712203,94.77434336503259,151.74090892334647
147.50825295356003,28.776015660110684,95.03272862543108,151.99929418374495
147.55131573037914,28.576015660110684,94.83272862543107,151.79929418374496
147.88964271727374,28.414342647005288,95.17105561232567,151.63762117063956
148.2008165635717,28.725516493303225,95.4822294586236,151.9487950169375
148.75791816699677,28.782618096728307,96.03933106204869,152.0058966203626
149.5206036430122,29.045303572743734,96.30201653806411,152.26858209637803
150.32060364301222,29.460143492033033,96.71685645735342,152.68342201566733
150.54275037875271,29.682290227773542,96.93900319309392,152.90556875140783
150.46992538661166,29.609465235632502,96.86617820095289,152.83274375926678
151.26992538661167,30.409465235632503,97.28574847309864,153.6327437592668
151.6010346156045,30.240574464625332,97.61685770209147,153.96385298825962
152.29622738634106,30.43576723536188,98.31205047282802,154.65904575899617
152.94236500147048,31.081904850491288,98.45818808795742,155.3051833741256
153.62008317874214,31.75962302776295,99.13590626522908,155.98290155139725
154.37928040964607,32.01882025866689,99.89510349613303,156.74209878230118
154.86472392126262,32.004263770283444,99.88054700774958,157.22754229391774
155.61400895618593,32.253548805206755,100.6298320426729,157.97682732884104
156.03287190845197,32.1724117574728,101.04869499493896,158.39569028110708
156.5479433412867,32.18748319030754,101.0637664277737,158.9107617139418
157.1196277553466,32.75916760436746,101.63545084183362,159.48244612800173
157.89189685395908,33.03143670297994,102.4077199404461,160.2547152266142
158.56492825312958,33.204468102150436,103.0807513396166,160.9277466257847
158.83831088538184,33.00446810215043,102.8807513396166,161.20112925803696
159.18803572909454,32.85419294586312,102.73047618332929,161.55085410174965
159.9813023025341,33.147459519302686,103.02374275676885,162.3441206751892
160.45150261090532,33.11765982767392,102.99394306514009,162.81432098356044
160.7260864738938,32.917659827673916,102.79394306514008,163.0889048465489
161.5260864738938,33.41848141201033,103.29476464947649,163.8889048465489
161.86307841617983,33.75547335429635,103.63175659176251,164.22589678883494
162.56186554386358,33.9542604819801,103.83054371944627,164.9246839165187
162.89068594328563,33.78308088140215,104.15936411886833,165.25350431594075
163.6196636902484,34.012058628364905,104.88834186583108,165.9824820629035
164.4196636902484,34.55352325856426,105.42980649603044,166.7824820629035
165.2196636902484,35.35352325856426,106.22980649603043,167.58248206290352
165.70523820625,35.33909777456584,106.21538101203203,168.0680565789051
166.12732145573355,35.7611810240494,106.63746426151558,168.49013982838866
166.89861644326487,36.03247601158072,106.9087592490469,169.26143481591998
167.20703870563165,35.84089827394751,106.71718151141368,169.56985707828676
168.00703870563166,36.339354292628194,107.21563753009437,170.36985707828677
168.52686264522586,36.35917823222239,107.23546146968856,170.88968101788097
169.32686264522587,37.15917823222239,107.59876632961729,171.689681017881
170.02241347756652,37.35472906456304,107.79431716195793,172.38523185022163
170.5081938761716,37.34050946316811,108.28009756056301,172.8710122488267
171.26631788575676,37.5986334727533,109.0382215701482,173.62913625841188
171.88168454902572,37.71400013602225,109.65358823341714,174.24450292168083
172.0797967062614,37.51400013602225,109.85170039065281,174.4426150789165
172.75286426711833,37.68706769687919,110.02476795150976,175.11568263977344
173.00215663349877,37.93636006325965,109.82476795150976,175.36497500615388
173.80215663349878,38.27527211965693,110.62476795150975,176.1649750061539
174.1432153801242,38.11633086628235,110.96582669813517,176.5060337527793
174.2107447939268,37.916330866282344,111.0333561119378,176.57356316658192
175.01074479392682,38.65782421632053,111.77484946197599,177.37356316658193
175.74981337056795,38.89689279296167,112.01391803861713,178.11263174322306
176.0766917324138,38.72377115480751,111.84079640046298,178.4395101050689
176.63760534822669,38.78468477062041,111.90171001627587,179.0004237208818
177.0262615862153,38.673341008609015,111.79036625426448,179.3890799588704
177.70745714223006,38.854536564623764,111.97156181027923,180.07027551488517
178.18148020598818,38.828559628381896,112.44558487403735,180.5442985786433
178.7281833766058,38.87526279899952,112.49228804465497,181.09100174926093
178.87784875810786,38.67526279899952,112.64195342615703,181.24066713076297
179.3015225051175,38.598936546009156,113.06562717316666,181.66434087777262
179.70024170649495,38.497655747386595,112.9643463745441,182.06306007915006
180.3238047963317,38.62121883722334,113.08790946438084,182.6866231689868
180.97008666355345,38.767500704445084,113.23419133160259,183.33290503620856
181.59985411989933,38.89726816079097,113.36395878794848,183.96267249255445
181.98151847718586,38.77893251807748,113.24562314523499,184.34433684984097
182.60781382143193,38.905227862323564,113.37191848948106,184.97063219408705
183.02088136436302,38.81829540525464,113.28498603241214,185.38369973701813
182.8982611247694,38.618295405254635,113.1623657928185,185.2610794974245
183.1369237137399,38.41829540525463,112.9623657928185,185.499742086395
183.73473077339025,38.51610246490498,113.06017285246885,186.09754914604537
183.87436659674108,38.31610246490498,112.86017285246885,186.2371849693962
184.49678920864756,38.438525076811445,113.48259546437532,186.85960758130267
185.29678920864757,39.0499624373648,114.09403282492868,187.65960758130268
186.09678920864758,39.35238833064002,114.89403282492867,188.4596075813027
186.8967892086476,40.152388330640015,115.45527040123643,189.2596075813027
187.50224325385997,40.257842375852405,115.56072444644883,189.8650616265151
187.9967177401031,40.25231686209554,115.55519893269197,190.3595361127582
187.99378654642052,40.05231686209554,115.55226773900938,190.35660491907564
188.39570833429127,39.954238649966285,115.45418952688013,190.75852670694638
188.96143849293392,40.019968808608944,115.5199196855228,191.32425686558904
189.21261681857888,39.81996880860894,115.31991968552279,191.575435191234
190.0126168185789,40.48330940131131,115.98326027822516,192.375435191234
190.44193245114633,40.41262503387874,116.41257591079258,192.80475082380144
190.71067289298023,40.21262503387874,116.6813163526265,193.07349126563534
191.51067289298024,40.65620090761269,117.4813163526265,193.87349126563535
191.66754668001815,40.45620090761269,117.63819013966442,194.03036505267326
192.06599775776982,40.35465198536436,117.53664121741609,194.42881613042493
192.69058413194006,40.479238359534605,117.66122759158633,195.05340250459517
193.00074957210816,40.28940379970272,117.97139303175445,195.36356794476328
192.81954171476684,40.089403799702716,117.79018517441312,195.18236008742196
192.7649818382493,40.034843923185164,117.73562529789558,195.6278002109044
193.1905156623592,39.96037774729506,118.16115912200549,196.0533340350143
193.82832393222125,40.09818601715713,118.79896739186756,196.69114230487637
194.58327724306068,40.35313932799657,119.553920702707,197.4460956157158
194.8341764980974,40.15313932799657,119.353920702707,197.69699487075252
195.59100164587008,40.40996447576923,119.61074585047966,198.4538200185252
196.06953177470427,40.38849460460341,119.58927597931384,198.9323501473594
196.71282900873382,40.53179183863294,119.73257321334337,199.57564738138893
197.06913506100992,40.38809789090902,119.58887926561945,199.93195343366503
197.46903642942382,40.28799925932294,119.98878063403338,200.33185480207894
197.65777444614645,40.087999259322935,119.78878063403337,200.52059281880156
197.81077936580286,40.24100417897936,119.9417855536898,201.17359773845797
198.39174184639086,40.32196665956737,120.02274803427781,201.75456021904597
199.18537096112556,40.615595774302065,120.31637714901251,202.54818933378067
199.81865893914838,40.7488837523249,120.44966512703535,203.1814773118035
200.20546879123492,40.63569360441144,120.83647497912189,203.56828716389003
200.00546879123493,40.90859701941784,121.10937839412829,203.84119057889643
200.68211838848822,41.58524661667113,121.88602799138157,204.6178401761497
200.82123661245652,41.72436484063943,122.02514621534986,204.856958400118
200.81454525481504,41.52436484063943,122.01845485770838,204.95026704247653
201.09051478384794,41.400334369672315,122.29442438674127,205.3262365715094
200.9274760400805,41.20033436967231,122.13138564297385,205.263197827742
201.65961279981158,41.43247112940338,122.76352240270492,205.99533458747308
202.433009210805,42.20586754039681,123.53691881369835,206.7953345874731
202.96662528547628,43.00586754039681,124.07053488836964,207.5953345874731
202.91781199202953,42.805867540396804,124.12172159492287,207.64652129402634
203.12150229512332,42.609557843490585,124.32541189801665,207.95021159712013
203.53817769639645,42.62623324476372,124.74208729928979,208.46688699839328
203.8541871085005,42.54224265686777,125.05809671139384,208.88289641049732
204.59183382269,42.87988937105728,125.85809671139384,209.68289641049734
204.39183382269002,42.67988937105728,125.65809671139384,209.48289641049735
204.75306746809744,42.64112301646471,125.61933035680127,209.94413005590476
205.12024902971598,42.60830457808324,125.5865119184198,210.4113116175233
205.30251904254638,42.40830457808324,125.8687819312502,210.6935816303537
205.55821627302535,42.26400180856223,125.72447916172918,211.0492788608327
205.8910510657416,42.19683660127849,125.65731395444544,211.48211365354894
206.5281934023752,42.43397893791209,125.89445629107904,212.21925599018252
206.7867528952344,42.29253843077129,126.15301578393824,212.57781548304172
206.6221455462919,42.092538430771285,125.98840843499573,212.51320813409922
206.61851953244542,41.89253843077128,126.08478242114924,212.60958212025272
206.5405635444536,41.69253843077128,126.00682643315743,212.63162613226092
207.09392824738293,41.84590313370064,126.66019113608678,213.28499083519029
207.79080969346052,42.142784579778215,126.95707258216436,214.08187228126786
208.2285457694904,42.18052065580811,126.99480865819426,214.61960835729775
208.7118282958038,42.1638031821215,127.37809118450765,215.10289088361114
208.7835708402625,41.963803182121495,127.17809118450765,215.27463342806985
209.58357084026252,42.47154257103594,127.97809118450765,216.07463342806986
209.52470574442435,42.41267747519775,127.77809118450764,216.11576833223168
209.97210811399805,42.86007984477145,128.32549355408133,216.66317070180537
210.50017243498226,42.98814416575567,128.85355787506555,217.2912350227896
211.2038037475603,43.29177547833372,129.65355787506556,218.09123502278962
212.0038037475603,43.78823247989345,130.45355787506557,218.89123502278963
212.15685257237175,43.94128130470488,130.606606699877,219.14428384760106
212.63485718221523,43.91928591454836,130.9846113097205,219.62228845744454
213.42184545213755,44.30627418447068,131.7715995796428,220.42228845744455
214.21036908375663,45.094797816089766,132.5601232112619,221.22228845744456
214.71110449354367,45.59553322587681,132.66085862104893,221.8230238672316
214.61039803595685,45.395533225876804,132.46085862104894,221.82231740964477
215.08827544136594,45.47341063128589,132.93873602645803,222.40019481505385
215.88827544136595,45.92435351722132,133.73873602645804,223.20019481505386
216.36199836059174,45.9980764364471,133.81245894568383,223.77391773427965
216.84381543151605,46.0798935073714,133.89427601660813,224.35573480520395
217.64381543151606,46.8798935073714,134.69427601660814,225.15573480520396
218.0601038914714,47.39618196732674,134.7105644765635,225.6720232651593
218.529384250534,47.46546232638934,134.7798448356261,226.24130362422193
218.72052234108997,47.26546232638934,134.57984483562612,226.5324417147779
218.56583551260638,47.06546232638934,134.37984483562613,226.4777548862943
218.62786600374207,46.865462326389334,134.5418753267618,226.63978537742997
219.10853261090853,46.946128933555784,134.62254193392826,227.22045198459642
219.84049038353103,47.278086706178286,135.35449970655077,228.02045198459643
219.64049038353104,47.07808670617828,135.15449970655078,227.82045198459645
220.0227248533267,47.06032117597394,135.13673417634644,228.3026864543921
220.41854606575282,47.056142388400055,135.13255538877254,228.7985076668182
220.82578359188582,47.06337991453306,135.53979291490555,229.3057451929512
221.16635816365547,47.0039544863027,135.4803674866752,229.74631976472085
221.60966628723267,47.04726260987989,135.52367561025238,230.28962788829804
222.18176488929674,47.219361211943955,135.69577421231645,230.9617264903621
222.74582257166887,47.38341889431607,136.25983189468857,231.62578417273423
223.15564855273368,47.39324487538087,136.6696578757534,232.13561015379904
223.7186759840738,47.556272306721,137.33268530709353,232.79863758513918
223.93252971887694,47.77012604152415,138.04653904189666,233.5124913199423
224.30060065056938,47.73819697321658,138.0146099735891,233.98056225163475
224.77709381579564,47.814690138442835,138.09110313881536,234.557055416861
224.72589591922082,47.61469013844283,137.89110313881537,234.6058575202862
225.52589591922083,48.40998108096073,138.68639408133328,235.40585752028622
225.5984438636441,48.20998108096073,138.4863940813333,235.57840546470948
225.6246183058948,48.00998108096073,138.2863940813333,235.7045799069602
226.42461830589482,48.631998150683174,138.90841115105573,236.5045799069602
226.92742458411894,48.73480442890728,139.01121742927984,237.1073861851843
227.43885684391768,48.84623668870602,139.12264968907857,237.71881844498304
228.2388568439177,49.268490197121366,139.5449031974939,238.51881844498305
228.87220185019495,49.50183520339863,140.17824820377118,239.25216345126032
229.6053746038347,50.23500795703838,140.51142095741093,240.05216345126033
229.4796934708076,50.035007957038374,140.48573982438384,240.02648231823323
229.59898995286338,49.83500795703837,140.28573982438385,240.245778800289
229.61752342436512,49.63500795703837,140.08573982438386,240.36431227179077
229.80102180515215,49.435007957038366,139.88573982438388,240.6478106525778
230.5397373365173,49.77372348840353,140.22445535574906,241.4478106525778
231.09709341640124,49.931079568287466,140.38181143563298,242.10516673246173
231.35028104803285,49.78426719991909,140.7349990672646,242.45835436409334
232.11691939070045,50.15090554258668,141.10163740993218,243.25835436409335
232.30301986164872,49.950905542586675,140.9016374099322,243.54445483504162
232.87511748109617,50.023003162034115,140.97373502937964,244.11655245448907
233.38756372336104,50.135449404298996,141.0861812716445,244.72899869675393
233.5742757329,49.93544940429899,140.88618127164452,245.01571070629288
233.84099673945417,49.80217041085318,140.75290227819872,245.38243171284708
234.3492865891999,49.9104602605989,140.86119212794443,245.9907215625928
234.40148764819062,49.7104602605989,140.66119212794445,246.14292262158352
235.1258066464706,50.03477925887887,140.98551112622442,246.94292262158353
235.44102596438734,50.34999857679559,140.78551112622443,247.25814193950026
235.76309558699683,50.14999857679559,141.10758074883393,247.58021156210975
236.35595951879102,50.74286250858979,141.70044468062812,248.17307549390395
236.75811961211838,50.545022601917154,141.50260477395548,248.5752355872313
237.5581196121184,50.820356674832745,141.77793884687108,249.37523558723132
237.78091150635632,51.043148569070674,142.000730741109,249.59802748146925
238.3363821472892,50.99861921000357,142.5562013820419,250.15349812240214
238.99319905344493,51.05543611615928,143.21301828819762,250.81031502855785
239.17849628569385,51.24073334840821,143.39831552044654,250.99561226080678
239.88979939285667,51.95203645557104,144.10961862760936,251.7069153679696
240.68979939285668,52.27457484448011,144.90961862760938,252.5069153679696
241.4897993928567,53.074574844480104,145.27660737966656,253.30691536796962
241.807996407453,52.8745748444801,145.07660737966657,253.62511238256593
242.60799640745302,53.158703650228986,145.36073618541545,254.42511238256594
242.5815581528577,52.95870365022898,145.33429793082013,254.39867412797062
243.3815581528577,53.4832824725941,146.13429793082014,255.19867412797063
243.37262124237068,53.47434556210709,146.12536102033312,255.1897372174836
243.8093160022099,53.9110403219463,145.96205578017234,255.62643197732282
244.33832993577101,53.84005425550742,146.49106971373345,256.15544591088394
245.0018056618137,53.9035299815501,147.15454543977614,256.81892163692663
245.3820648275081,53.7035299815501,147.53480460547053,257.199180802621
245.89335523823553,53.61482039227755,147.44609501619797,257.71047121334846
246.06236467363058,53.41482039227755,147.24609501619798,257.8794806487435
246.52809637903198,53.280552097678935,147.11182672159939,258.34521235414485
246.98300585059343,53.13546156924037,146.9667361931608,258.8001218257063
247.5920895142576,53.14454523290453,146.97581985682496,259.40920548937044
248.10917320137392,53.061628920020844,146.8929035439413,259.92628917648676
248.5168326707063,52.86928838935323,146.70056301327367,260.33394864581913
249.3168326707063,53.28233890715022,147.50056301327368,261.13394864581915
250.11683267070632,53.586794533781934,147.8050186399054,261.93394864581916
250.3938534424995,53.38679453378193,148.0820394116986,262.2109694176123
250.84259381106114,53.235534902343545,147.9307797802602,262.65970978617395
251.39778881196693,53.19072990324935,148.485974781166,263.2149047870798
251.89225863204732,53.08519972332973,148.38044460124638,263.70937460716016
252.2879841204388,52.88519972332973,148.1804446012464,264.1051000955517
252.9499120245316,52.94712762742253,148.2423725053392,264.7670279996445
253.6834034421523,53.08061904504323,148.9758639229599,265.5005194172652
254.12464986562298,52.92186546851392,149.41711034643058,265.9417658407359
254.91816169890748,53.11537730179843,150.21062217971507,266.73527767402044
255.29568587219313,52.91537730179843,150.01062217971509,267.1128018473061
256.09568587219314,53.715377301798426,150.42139726098642,267.9128018473061
256.28693918099543,53.515377301798424,150.61265056978874,268.1040551561084
256.6451599362715,53.31537730179842,150.41265056978875,268.4622759113845
257.0683510159773,53.13856838150426,150.2358416494946,268.8854669910903
257.27354372079367,52.938568381504254,150.0358416494946,269.09065969590665
257.2739013874549,52.73856838150425,149.83584164949463,269.09101736256787
257.4695903679494,52.53856838150425,149.63584164949464,269.2867063430624
258.26959036794943,52.99083065090374,150.08810391889412,270.0867063430624
259.06959036794944,53.27470374092445,150.88810391889413,270.88670634306243
259.75703594125815,53.36214931423316,150.97554949220284,271.57415191637114
260.2492086261949,53.25432199916991,151.4677221771396,272.0663246013079
260.59391092005416,53.05432199916991,151.2677221771396,272.41102689516714
261.3116340640002,53.172045143115945,151.98544532108565,273.1287500391132
261.7556040346571,53.01601511377282,151.82941529174252,273.5727200097701
262.4822189143631,53.14262999347882,151.9560301714485,274.2993348894761
263.1656742552607,53.22608533437641,152.0394855123461,274.98279023037367
263.9656742552607,53.54808366343087,152.36148384140057,275.7827902303737
264.74264422909397,53.725053637264146,153.13845381523385,276.55976020420695
265.542644229094,54.03055901894905,153.44395919691874,277.35976020420696
266.3354062049872,54.22332099484225,154.23672117281194,278.15252218010016
266.51931366600485,54.023320994842244,154.03672117281195,278.33642964111783
266.7041333326544,54.208140661491825,154.22154083946154,279.1212493077674
266.5041333326544,54.00814066149182,154.02154083946155,278.9212493077674
266.85613796239016,53.80814066149182,153.82154083946156,279.27325393750317
267.3006871252817,53.65268982438336,153.6660900023531,279.7178031003947
268.05819445933605,53.810197158437724,153.82359733640746,280.47531043444906
268.34810149551333,53.61019715843772,153.62359733640747,280.76521747062634
269.02079284338464,53.682888506309055,153.6962886842788,281.43790881849765
269.484189898991,53.54628556191545,153.5596857398852,281.901305874104
269.28418989899103,53.346285561915444,153.3596857398852,281.70130587410404
269.8130078689084,53.27510353183284,153.2885037098026,282.2301238440214
269.9682258710227,53.07510353183284,153.0885037098026,282.3853418461357
270.6791787985605,53.186056459370604,153.79945663734037,283.0962947736735
271.1896753457096,53.09655300651969,153.70995318448945,283.6067913208226
271.15843515501894,52.89655300651969,153.50995318448946,283.57555113013194
271.8465252723553,52.98464312385602,154.1980433018258,284.2636412474683
271.8027907049562,52.784643123856014,153.99804330182582,284.2199066800692
272.09046512431956,52.58464312385601,153.79804330182583,284.50758109943257
272.7592051570878,52.653383156624294,153.86678333459412,285.1763211322008
273.06948283537116,52.45338315662429,153.66678333459413,285.48659881048417
273.27771650048317,52.25338315662429,153.46678333459414,285.6948324755962
273.591173511818,52.053383156624285,153.26678333459415,286.008289486931
274.391173511818,52.424450572591425,153.63785075056128,286.808289486931
275.1093146645655,52.54259172533889,154.35599190330873,287.5264306396785
275.68357025523096,52.51684731600434,154.93024749397418,288.10068623034397
276.205900283961,52.439177344734354,154.8525775227042,288.623016259074
276.5196986546958,52.23917734473435,154.6525775227042,288.9368146298088
276.9663883544158,52.085867044454375,154.49926722242424,289.3835043295288
277.7663883544158,52.386470352067406,154.79987053003725,290.18350432952883
278.15232899911405,52.1864703520674,154.59987053003726,290.56944497422705
278.4691532755289,51.9864703520674,154.9166948064521,290.88626925064193
278.8012161411496,51.7864703520674,154.71669480645213,291.2183321162626
278.9769819234832,51.586470352067394,154.51669480645214,291.3940978985962
279.22680527711856,51.38647035206739,154.31669480645215,291.64392125223156
279.58905125335,51.18647035206739,154.11669480645216,292.006167228463
280.1101009667876,51.107520065504985,154.63774451988976,292.52721694190063
280.91010096678764,51.505808345559785,155.03603279994456,293.32721694190064
281.2812155010479,51.30580834555978,154.83603279994458,293.6983314761609
281.71890919489897,51.14350203941085,154.67372649379564,294.136025170012
282.13743554374037,50.962028388252236,154.49225284263701,294.5545515188534
282.9374355437404,51.24505296099833,155.29225284263703,295.3545515188534
283.7374355437404,52.045052960998326,156.09225284263704,296.1545515188534
283.9214896877405,52.229107104998455,156.27630698663717,296.3386056628535
284.43335623389754,52.74097365115545,156.78817353279416,296.85047220901055
284.7289060246857,53.036523441943665,157.08372332358238,297.14602199979873
285.2204105118466,52.92802792910453,156.97522781074323,297.6375264869596
285.71148366999785,52.81910108725581,157.4663009688945,298.12859964511085
285.92999852820503,52.61910108725581,157.2663009688945,298.34711450331804
286.58481194667024,52.67391450572102,157.32111438735973,299.00192792178325
287.05597571358794,52.545078272638726,157.19227815427743,299.47309168870095
287.6946583001995,52.58376085925024,157.83096074088894,300.1117742753125
288.3250071684292,52.614109727479935,158.46130960911864,300.7421231435422
288.91775880546976,52.606861364520526,159.05406124615922,301.33487478058277
289.35111867397967,53.040221233030415,158.8874211146691,301.7682346490927
289.9947432604787,53.08384581952946,159.53104570116815,302.4118592355917
290.11801642280665,52.883845819529455,159.33104570116816,302.53513239791965
290.8863986134725,53.05222801019531,159.49942789183402,303.30351458858553
291.44246010672094,53.00828950344371,160.05548938508244,303.85957608183395
292.0743794242032,53.04020882092597,160.68740870256468,304.4914953993162
292.14028605889706,52.840208820925966,160.75331533725856,304.55740203401007
292.5813196259436,52.681242387972496,161.1943489043051,304.9984356010566
292.771766264103,52.48124238797249,160.9943489043051,305.188882239216
293.571766264103,52.82691049988358,161.3400170162162,305.988882239216
293.99165118434223,52.64679542012281,161.1599019364554,306.40876715945524
294.2247619456552,52.446795420122804,161.39301269776837,306.6418779207682
294.70007674887256,52.322110223340175,161.26832750098575,307.11719272398557
294.88043263635296,52.12211022334017,161.44868338846615,307.29754861146597
295.5356191713831,52.17729675837028,161.50386992349627,307.9527351464961
295.6128149393274,51.97729675837028,161.58106569144059,308.0299309144404
295.4231455022416,51.77729675837028,161.39139625435482,307.8402614773546
296.0319970703735,51.78614832650217,161.4002478224867,308.4491130454865
296.66564782679376,51.8197990829224,162.03389857890693,309.08276380190676
296.72963248365846,51.6197990829224,161.83389857890694,309.14674845877147
296.7557608399392,51.419799082922395,161.63389857890695,309.17287681505223
297.41261884808523,51.476657091068375,161.69075658705293,309.82973482319824
298.03867489321397,51.50271313619713,162.3168126321817,310.45579086832697
298.6232102758721,52.08724851885528,162.90134801483984,311.0403262509851
299.4232102758721,52.39058367216557,163.20468316815013,311.84032625098513
299.5988058598174,52.56617925611083,163.9802787520954,312.61592183493036
300.3988058598174,52.76742148613645,164.7802787520954,313.4159218349304
301.1291451293486,52.89776075566769,164.91061802162665,314.1462611044616
301.63955059556463,53.408166221883725,164.8210234878427,314.6566665706776
302.06928617580365,53.23790180212277,164.65075906808173,315.0864021509166
302.10413602795944,53.03790180212277,164.45075906808174,315.1212520030724
302.90364224018106,53.2374080143444,164.6502652803034,315.92075821529403
303.10834552063807,53.0374080143444,164.4502652803034,316.12546149575104
303.6725421739057,53.00160466761206,164.41446193357106,316.68965814901867
304.18738128680144,52.916443780507784,164.9293010464668,317.2044972619144
304.48493543915146,52.71644378050778,164.72930104646682,317.50205141426443
305.28493543915147,52.95326038697647,164.9661176529355,318.30205141426444
305.67021251529627,52.753260386976464,164.76611765293552,318.68732849040924
306.1202768528324,52.60332472451255,164.6161819904716,319.13739282794535
306.4725414736299,52.403324724512544,164.4161819904716,319.4896574487429
306.8857908804576,52.216574131340195,164.82943139729926,319.90290685557056
306.6857908804576,52.01657413134019,164.62943139729927,319.7029068555706
307.377112875733,52.107896126615586,164.72075339257466,320.394228850846
308.03641196223356,52.16719521311613,164.7800524790752,321.05352793734653
308.723354120161,52.25413737104356,164.86699463700265,321.74047009527396
309.38999725590907,52.320780506791635,164.93363777275073,322.40711323102204
310.08121339410104,52.41199664498359,165.62485391094268,323.098329369214
310.2245084347688,52.211996644983586,165.4248539109427,323.24162440988175
310.29835716037184,52.01199664498358,165.2248539109427,323.3154731354848
310.9695810484967,52.083220533108424,165.29607779906755,323.9866970236097
311.719287720428,52.232927205039694,165.4457844709988,324.73640369554096
312.0778630535121,52.03292720503969,165.2457844709988,325.09497902862506
312.74352996679636,52.09859411832398,165.9114513842831,325.76064594190933
313.0536504214697,51.89859411832398,166.22157183895646,326.07076639658266
313.4927735152143,51.73771721206859,166.06069493270107,326.5098894903273
314.2927735152143,52.09244044656776,166.86069493270108,327.3098894903273
314.3285219548153,51.892440446567754,166.6606949327011,327.3456379299283
314.28975865288663,51.69244044656775,166.62193163077242,327.3068746279996
314.97359526003197,51.776277053713066,167.30576823791773,327.99071123514494
315.58990572801275,51.79258752169386,167.32207870589852,328.6070217031257
315.4041461107953,51.60682790447639,167.73631908868106,329.02126208590823
315.2041461107953,51.40682790447639,167.53631908868107,329.4209250489121
315.0041461107953,51.206827904476384,167.33631908868108,329.72336176711025
314.80414611079533,51.00682790447638,167.1363190886811,329.62030040548035
314.75723027904354,50.9599120727246,167.0894032569293,330.1733845737286
314.8967194524051,51.09940124608614,167.22889243029084,330.91287374709015
315.21051522080944,51.4131970144905,167.5426881986952,331.71287374709016
315.32979423279204,51.53247602647308,167.66196721067777,332.4321527590727
315.2397323246542,51.442414118335215,167.5719053025399,332.94209085093485
315.0397323246542,51.24241411833521,167.37190530253991,332.90372349187953
315.09501571436505,51.29769750804606,167.42718869225078,333.5590068815904
314.92787932887336,51.1305611225544,167.86005230675912,333.9918704960987
314.83280619769516,51.03548799137622,167.76497917558095,334.49679736492055
314.6328061976952,50.83548799137622,167.56497917558096,334.64027938288615
314.4328061976952,50.635487991376216,167.36497917558097,334.44027938288616
314.4920668295713,50.69474862325231,168.02423980745706,335.0995400147623
314.53889866232674,50.741580456007775,168.07107164021252,335.74637184751776
314.33889866232676,50.54158045600777,167.87107164021253,335.93312358439704
314.13889866232677,50.34158045600777,167.67107164021255,336.22855613750914
313.9388986623268,50.141580456007766,167.47107164021256,336.17454393978835
313.7388986623268,49.94158045600776,167.27107164021257,336.49936548419055
313.7466862895629,49.94936808324388,167.8788592674487,337.10715311142667
313.5466862895629,49.74936808324388,167.6788592674487,337.42995666221896
313.3466862895629,49.54936808324388,167.4788592674487,337.5973455880441
313.1466862895629,49.349368083243874,167.7327146130895,337.8512009336849
312.94668628956293,49.14936808324387,167.53271461308952,338.1990187243527
312.74668628956294,48.94936808324387,167.71271220621279,338.37901631747593
312.8958976124292,48.749368083243866,167.5127122062128,338.5282276403422
312.981249915118,48.54936808324386,167.3127122062128,338.61357994303097
313.2866369488411,48.34936808324386,167.11271220621282,338.91896697675406
313.83677237293614,48.29950350733892,167.06284763030789,339.4691024008491
314.29275826700615,48.15548940140892,166.9188335243779,339.92508829491914
314.43080557705366,47.95548940140892,166.7188335243779,340.06313560496665
315.1758862783498,48.10057010270509,166.86391422567408,340.8082163062628
315.56528428568794,47.90057010270509,166.6639142256741,341.1976143136009
316.18328592938616,47.918571746403295,166.6819158693723,341.81561595729914
316.6746624825057,47.80994829952285,166.57329242249185,342.3069925104187
316.79112692372354,47.60994829952285,166.37329242249186,342.4234569516365
317.2337972033176,47.45261857911688,166.21596270208587,342.86612723123056
317.71986623887074,47.338687614670036,166.10203173763904,343.3521962667837
318.51986623887075,47.64664445696401,166.90203173763905,344.15219626678373
318.7959901690626,47.44664445696401,166.70203173763906,344.42832019697556
319.1023449147203,47.246644456964006,166.50203173763907,344.73467494263326
318.95336849772866,47.046644456964,166.30203173763908,344.58569852564165
319.5457019682146,47.038977927449906,166.294365208125,345.1780319961276
319.9799568699154,46.87323282915072,166.12862010982582,345.61228689782837
320.4051417648022,46.6984177240375,165.9538050047126,346.03747179271517
320.43190578087314,46.498417724037495,165.7538050047126,346.0642358087861
320.3604944405892,46.42700638375358,166.2823936644287,346.5928244685022
320.7767879828581,46.24329992602248,166.6986872066976,347.0091180107711
321.09441902994314,46.04329992602248,166.4986872066976,347.32674905785615
321.5384362929962,45.88731718907557,166.9427044697507,347.7707663209092
322.17236637736136,45.92124727344073,166.97663455411586,348.40469640527436
322.61413937949186,45.763020275571236,166.81840755624637,348.84646940740487
322.7920498545339,45.56302027557123,166.61840755624638,349.0243798824469
323.5920498545339,45.77097486539455,167.4184075562464,349.8243798824469
324.05215895228986,45.63108396315049,167.27851665400232,350.28448898020287
324.7621951967716,45.74112020763224,167.38855289848408,350.9945252246846
324.90368120809416,45.54112020763224,167.1885528984841,351.13601123600716
325.70368120809417,45.898076279067375,167.9885528984841,351.9360112360072
326.37135776227564,45.96575283324885,168.05622945266558,352.60368779018864
326.7581941997563,45.76575283324885,167.8562294526656,352.9905242276693
326.788536990986,45.565752833248844,167.6562294526656,353.020867018899
327.3082620693079,45.48547791157074,167.5759545309875,353.5405920972209
327.9748219273159,45.552037769578696,167.64251438899547,354.2071519552289
327.9104748064837,45.35203776957869,167.44251438899548,354.1428048343967
328.7104748064837,45.68644193970356,168.2425143889955,354.9428048343967
329.5104748064837,46.24608372668959,168.8021561759815,355.74280483439674
329.8784704714677,46.04608372668959,168.60215617598152,356.11080049938073
330.5290867387735,46.09669999399537,168.6527724432873,356.7614167666865
331.3290867387735,46.30306983913459,168.8591422884265,357.56141676668653
331.6165798045837,46.103069839134584,169.1466353542367,357.8489098324967
332.04343959045235,45.929929625003226,168.97349514010534,358.27576961836536
332.71266317967337,45.99915321422424,169.04271872932637,358.9449932075864
333.5126631796734,46.28324453382551,169.32681004892763,359.7449932075864
333.7509259811893,46.08324453382551,169.12681004892764,359.9832560091023
334.0558656278017,45.883244533825504,168.92681004892765,360.28819565571473
334.58561838693555,45.81299729295932,168.85656280806145,360.81794841484856
334.53162728812123,45.612997292959314,168.65656280806147,360.76395731603424
335.33162728812124,45.834022722857156,168.87758823795932,361.56395731603425
336.13162728812125,46.191680274134576,169.23524578923673,362.36395731603426
336.2391997090856,46.29925269509895,169.3428182102011,363.0715297369986
336.75287551399225,46.2129285000056,169.25649401510776,363.5852055419053
337.17987367919545,46.039926665208796,169.08349218031094,364.0122037071085
337.75224449655235,46.01229748256569,169.05586299766784,364.5845745244654
338.14662787759806,45.81229748256569,168.85586299766786,364.9789579055111
338.9466278775981,46.08775930982282,169.131324824925,365.7789579055111
339.0134984963761,45.88775930982282,168.931324824925,365.8458285242891
339.53814384989386,45.81240466334059,168.8559701784428,366.3704738778069
339.7029551004174,45.612404663340584,168.6559701784428,366.53528512833043
340.1001374965041,45.41240466334058,168.4559701784428,366.9324675244171
340.46311153075794,45.21240466334058,168.25597017844282,367.295441558671
340.79218134668827,45.012404663340575,168.05597017844283,367.6245113746013
341.15786877868305,44.81240466334057,167.85597017844285,367.9901988065961
341.4650519507228,44.61240466334057,167.65597017844286,368.2973819786358
341.56630619168305,44.41240466334057,167.45597017844287,368.3986362195961
342.00734984077263,44.25344831243012,167.29701382753242,368.83967986868566
342.2946487134961,44.05344831243012,167.09701382753244,369.1269787414091
342.82156942178227,43.98036902071629,167.0239345358186,369.6538994496953
342.88953425714743,43.780369020716286,166.8239345358186,369.72186428506046
343.5924519477652,43.883286711334065,166.92685222643638,370.42478197567823
343.552169817892,43.68328671133406,166.7268522264364,370.384499845805
344.06421720308526,43.59533409652737,166.63889961162968,370.8965472309983
344.8642172030853,43.92456662716278,166.9681321422651,371.6965472309983
345.32578587861207,43.786135302689544,166.82970081779186,372.1581159065251
346.03010137585454,43.89045079993201,167.53401631503434,372.8624314037676
346.27790831115794,43.69045079993201,167.33401631503435,373.110238339071
346.97369550494864,43.78623799372273,167.42980350882507,373.80602553286167
347.60755053491306,43.820093023687164,167.4636585387895,374.4398805628261
348.40755053491307,44.286955242970826,167.93052075807316,375.2398805628261
349.04324243068777,44.32264713874555,167.9662126538479,375.8755724586008
349.6704062286765,44.94981093673424,168.59337645183658,376.6755724586008
350.4704062286765,45.324981783779954,168.9685472988823,377.4755724586008
350.7422818318332,45.12498178377995,168.7685472988823,377.74744806175755
350.54228183183324,44.92498178377995,168.56854729888232,378.0117080141623
350.91464456329777,44.724981783779945,168.36854729888233,378.38407074562684
351.7047374062365,44.915074626718706,168.5586401418211,379.1741635885656
352.2190508130791,44.8293880335613,168.47295354866367,379.68847699540817
352.72013157480626,44.73046879528847,168.37403431039084,380.18955775713533
353.52013157480627,44.97797820204624,168.6215437171486,380.98955775713534
353.5691120842761,44.777978202046235,168.4215437171486,381.0385382666052
353.8059033971034,44.57797820204623,168.22154371714862,381.2753295794325
354.3721926492523,44.54426745419513,168.7878329692975,381.8416188315814
354.86412689755394,44.43620170249677,168.67976721759916,382.333553079883
355.3016120551697,44.2736868601125,168.5172523752149,382.7710382374988
356.1016120551697,44.78620732063978,169.3172523752149,383.5710382374988
356.6757652699259,44.76036053539596,169.29140558997108,384.14519145225495
357.38036054432524,44.9649558097953,169.49600086437042,384.3497867266543
358.18036054432525,45.265441812763775,169.7964868673389,384.65027272962277
358.76469063219105,45.34977190062956,170.3808169552047,384.73460281748856
358.7253846741362,45.14977190062956,170.1808169552047,384.5346028174886
359.03313181575606,44.95751904224946,170.4885640968246,384.34234995910845
359.7044855126909,45.128872739184295,170.65991779375943,384.5137036560433
359.53271067828405,44.95709790477745,170.4881429593526,384.34192882163643
