iteration,avg_reward
1,1.15367943092476
2,1.3486000669410534
3,1.3178235129816045
4,1.5420290661177416
5,1.5131850676810779
6,1.6605812435047906
7,1.6219249429380012
8,1.7684537835701808
9,1.6562571275999494
10,1.7153246622878044
11,1.7075520217026328
12,1.7406637301313486
13,1.8161224879276494
14,1.8030411782826143
15,1.7570688249606472
16,1.8760176902347303
17,1.8894133152443215
18,1.960526369497682
19,1.9674301745325833
20,1.8925234803939894
21,1.9677604240310378
22,1.9577002221233186
23,2.0216950106384752
24,1.9936744114862768
25,2.066829850693478
26,2.040682699219495
27,2.008083254895658
28,2.095205058771911
29,1.9976425152805013
30,1.9764554218622121
