algorithm,seed,final_regret,avg_reward_last500,optimal_rate,action_dist,seconds
linucb,42,62.936934469307324,0.7991037423832515,0.968,"[0.23566666666666666, 0.09566666666666666, 0.24266666666666667, 0.426]",0.1
linucb,43,73.6440123068839,0.7927085857194972,0.9666666666666667,"[0.23266666666666666, 0.09566666666666666, 0.24266666666666667, 0.429]",0.1
linucb,44,101.9244755322514,0.7864798796117226,0.961,"[0.23133333333333334, 0.097, 0.24533333333333332, 0.42633333333333334]",0.1
neuralucb,42,1105.3155853195794,0.4156501935166711,0.23333333333333334,"[1.0, 0.0, 0.0, 0.0]",10.6
neuralucb,43,784.8378637703344,0.5931562835585994,0.43333333333333335,"[0.0, 0.0, 0.0, 1.0]",9.7
neuralucb,44,1050.8400044093019,0.43737931574557903,0.24033333333333334,"[0.0, 0.0, 1.0, 0.0]",9.7
neuralt,42,1104.7155853195793,0.4156501935166711,0.23366666666666666,"[0.9993333333333333, 0.0, 0.0006666666666666666, 0.0]",14.7
neuralt,43,589.8084922977401,0.6900257279513233,0.559,"[0.0, 0.0, 0.27466666666666667, 0.7253333333333334]",14.4
neuralt,44,354.5143750752945,0.7727257212509224,0.7533333333333333,"[0.19766666666666666, 0.0, 0.281, 0.5213333333333333]",14.6
eenet,42,783.0358956913776,0.5906913434369622,0.43333333333333335,"[0.0, 0.0, 0.0, 1.0]",10.4
eenet,43,784.8378637703344,0.5931562835585994,0.43333333333333335,"[0.0, 0.0, 0.0, 1.0]",10.2
eenet,44,1053.079271003135,0.40491260298486403,0.2916666666666667,"[0.9236666666666666, 0.0, 0.03766666666666667, 0.03866666666666667]",10.2
