model,kind,params,train_seconds,infer_cpu_ms,infer_gpu_ms,gpu_device,error
Logistic Regression,sklearn,522.0,3.22,0.1614,,,
Random Forest,sklearn,3685082.0,5.0,37.7516,,,
RBF-SVM,sklearn,36.0,16.56,1.7834,,,
XGBoost,sklearn,553404.0,28.876784801483154,2.916,1.458,cuda,
LightGBM,sklearn,521161.0,57.381869395573936,2.292,1.146,cuda,
SupCon,torch,18345.0,17.9,0.4848,0.26,cuda,
FT-Transformer,torch,158025.0,277.63,2.0122,1.0084,cuda,
TabNet,torch,472478.0,191.13844513893127,15.808,7.839,cuda,
SAINT,torch,32493177.0,193.66,4.0082,1.9226,cuda,
TabPFN v2,,,250.61455392837524,,,,skipped by user
1D-ResNet,torch,279945.0,109.9,2.4498,1.1479,cuda,
GRANDE,tree,,,,,,"checkpoint missing (训练失败, 见 GRANDE_status.json)"
